0.27380955,0.27500004,0.27083334,0.26785713
0.26923078,0.28333336,0.27500004,0.2763158
0.27173913,0.2763158,0.2763158,0.27380955
0.27500004,0.2763158,0.26851854,0.2763158
0.27272728,0.27,0.26923078,0.27380955
0.27173913,0.2777778,0.27272728,0.2777778
0.26923078,0.27173913,0.28846157,0.2763158
0.27272728,0.26851854,0.27,0.27272728
0.27272728,0.2777778,0.27,0.2763158
0.28333336,0.27173913,0.27083334,0.27083334
0.27,0.27380955,0.27380955,0.27083334
0.2777778,0.2672414,0.2777778,0.27083334
0.27173913,0.27083334,0,0.27173913
0.27380955,0.2777778,0.27173913,0.27272728
0.27272728,0.27380955,0.26785713,0.27272728
0.27272728,0.27272728,0,0.2777778
0.2777778,0.27173913,0.27083334,0.17339313
0.2777778,0.29545456,0.27173913,0.2763158
0.27380955,0.27272728,0.17574693,0.27083334
0.27083334,0.27083334,0.17508419,0.27380955
0.2763158,0.2763158,0.27,0.27380955
0.2857143,0.27173913,0.37246963,0.26923078
0.37647063,0.37410074,0,0.27380955
0.3392226,0.39344263,0.36756757,0.375
0.37810946,0.35502958,0.37037036,0.36048526
0.375,0.3820225,0.3939394,0.35416666
0.37037036,0.375,0.34408602,0.37994725
0.3653846,0.26428574,0.3568773,0.36756757
0.3820225,0,0.3843844,0.3843844
0.37768242,0.36887613,0.37923253,0.3843844
0.375,0.3939394,0.36641222,0.3644647
0.37994725,0.40677968,0.38502675,0.3820225
0.3870968,0.34170854,0.39024392,0
0.37923253,0.37994725,0.39344263,0.3820225
0.37209302,0,0.3644647,0
0.3870968,0.37810946,0,0.36756757
0.37810946,0.36887613,0.42105263,0.35502958
0.3644647,0.3843844,0.37209302,0.36887613
0.40677968,0.36363637,0.3939394,0.3843844
0,0.37994725,0.35555556,0.3820225
0.3843844,0.35616437,0.37923253,0.3820225
0.36,0,0.37037036,0.37994725
0.36756757,0.36641222,0.3820225,0.37647063
0.3644647,0.3577236,0.3870968,0.39024392
0.3843844,0.38277513,0.29268295,0.39024392
0.32323232,0.37994725,0.3939394,0.3644647
0.39024392,0.34133333,0.34133333,0.39024392
0.3478261,0.37647063,0.39024392,0.38502675
0.35502958,0.37931034,0.40154442,0.39344263
0.3653846,0.375,0.3870968,0.39024392
0.3820225,0.37931034,0.32323232,0.36158192
0.3843844,0.3939394,0.35502958,0.39024392
0.28333336,0.3874644,0.36887613,0.39024392
0,0.38287154,0.37647063,0.33507854
0.3874644,0.3939394,0.35616437,0.3870968
0.2830189,0.37994725,0,0.37923253
0.36756757,0.3870968,0.37994725,0.39024392
0.35616437,0.3409091,0.3653846,0
0,0.25,0.40154442,0.37810946
0.35416666,0.2586207,0.35416666,0.35416666
0.39024392,0.41314554,0.37994725,0.3874644
0.37647063,0.38502675,0,0.3843844
0.25925928,0.35555556,0.40154442,0.3820225
0.37994725,0.3939394,0.4311377,0.35416666
0.37647063,0.37410074,0.37137333,0.39024392
0.3843844,0,0.37994725,0.34170854
0.37810946,0.45643157,0.39716312,0.3820225
0.47892722,0.3409091,0.37037036,0.3874644
0.36708862,0.3820225,0.35380834,0.46413502
0.4571429,0.48000005,0.33264032,0.3870968
0.47703183,0.36288658,0.36048526,0.2916667
0.4654896,0.3,0.37994725,0.48148152
0.446571,0.3644647,0.3030303,0.35380834
0,0.26923078,0.3820225,0.35555556
0.3644647,0.3870968,0.27,0.34042552
0.375,0.27272728,0.28333336,0.38502675
0.28169015,0.2763158,0.41314554,0.34234235
0.37627813,0.27083334,0.3939394,0.36641222
0.3843844,0.36641222,0.27272728,0
0.37137333,0.35229358,0.3409091,0.24761906
0.3653846,0.37037036,0.3870968,0.3870968
0.37367305,0.39344263,0.36641222,0.34042552
0.375,0.3843844,0.3545706,0.3653846
0.25,0.3644647,0.37410074,0.37923253
0.39024392,0.3820225,0.37037036,0.3568773
0.36288658,0.38287154,0.39024392,0.37810946
0.3874644,0.37209302,0.3874644,0.35416666
0.39716312,0.35416666,0,0.3820225
0.3,0.27380955,0.39024392,0.37768242
0.29268295,0.36756757,0.36756757,0.26666668
0.2631579,0.3764706,0.3843844,0.3939394
0.35416666,0.37037036,0,0.37209302
0.39024392,0.38502675,0.37037036,0.36
0.35348836,0.3843844,0.30555558,0
0,0.36756757,0.35416666,0.36887613
0.35348836,0.39024392,0.3820225,0.3874644
0.36756757,0.34042552,0.34042552,0.3545706
0.375,0.37367305,0,0.3764706
0.36756757,0.37037036,0,0.35348836
0.37647063,0.41025642,0.34133333,0.3843844
0.37647063,0.37037036,0.3870968,0.36756757
0.36363637,0.40154442,0.37994725,0.39024392
0.35502958,0.3870968,0.3843844,0.37923253
0.39344263,0,0.3545706,0.36756757
0.36887613,0.40154442,0.2763158,0.37037036
0.375,0.2763158,0.36944938,0.35320088
0,0.35502958,0.37037036,0.3820225
0.34261242,0.3809524,0,0.37037036
0.2702703,0.40154442,0,0.39024392
0.36887613,0.38277513,0.38287154,0
0.39716312,0.39716312,0.37037036,0.30868167
0,0.29223743,0.36887613,0.27380955
0.35348836,0.37810946,0.39024392,0.3577236
0.3843844,0.38287154,0.39024392,0.2647059
0.39024392,0.35555556,0.37931034,0.36220473
0.37647063,0.3820225,0.38287154,0.36756757
0.37410074,0.3577236,0.375,0.3764706
0.375,0.35348836,0.325,0.38287154
0.39834026,0.3653846,0.35380834,0.39024392
0.28070176,0,0.37037036,0
0.2586207,0.3843844,0.38502675,0.35348836
0.36756757,0.3870968,0.40677968,0.40677968
0.40154442,0.3870968,0.36641222,0.35555556
0.37209302,0.37768242,0.35320088,0.40154442
