0,0,0,0
0,0,0,0
0,0,0,0
0,0,0,0
0,0,0,0
0,0,0,0
0,0,0,0
0,0,0.09771,0
0,0,0,0
0,0,0.099115714,0
0,0,0,0
0,0,0,0
0,0,0,0
0,0,0,0
0,0,0,0
0,0,0,0
0,0,0.09425936,0
0,0,0,0.09109848
0,0,0,0
0,0,0,0
0,0,0,0
0,0,0,0
0,0,0,0
0,0,0,0
0,0,0,0
0,0,0,0
0,0.09467988,0,0.08554684
0,0,0,0
0,0,0,0
0,0,0,0
0.012375,0,0,0
0,0,0,0.011458334
0,0,0,0
0,0,0,0
0,0,0,0
0,0,0,0
0,0,0.017169574,0
0,0,0,0
0,0,0,0
0,0,0,0
0,0,0.12157512,0
0.08616301,0,0,0
0,0,0,0
0,0,0,0
0,0,0,0.12157512
0,0,0,0
0.12157512,0,0.015784157,0.012350694
0.086015165,0,0,0
0,0,0,0.008590278
0,0.12157512,0,0
0,0,0,0
0,0,0.12157512,0
0,0,0,0
0,0.013507971,0,0
0.0732431,0.12157512,0,0.011279423
0.0111041665,0.12157512,0,0
0,0.12157512,0,0.12157512
0,0,0,0
0,0,0,0
0,0.11740845,0.12157512,0
0,0,0,0
0,0,0,0
0,0,0,0
0.12157512,0,0,0
0.092291564,0,0,0
0.12157512,0.12157512,0,0
0.12157512,0,0,0.082827084
0,0,0.12157512,0
0,0,0,0
0,0.12157512,0,0
0.12157512,0,0,0.12157512
0,0.12157512,0,0
0,0.12157512,0,0.12157512
0,0.12157512,0,0
0.12157512,0,0.12157512,0
0.12157512,0.12157512,0,0.12157512
0,0,0,0
0,0,0.12157512,0
0,0,0.12157512,0
0,0,0.12157512,0.12157512
0.12157512,0,0,0.12157512
0.090933435,0.12157512,0.12157512,0.12157512
0.12157512,0,0,0.12157512
0.12157512,0,0,0.12157512
0,0.12157512,0.12157512,0
0.08851584,0,0,0
0.12157512,0.12157512,0.0732431,0
0.0732431,0.12157512,0,0.12157512
0.12157512,0.12157512,0,0
0.12157512,0,0.12157512,0
0.12157512,0.12157512,0.12157512,0.12157512
0.087598436,0.12157512,0.09380791,0.12157512
0.12157512,0.010416667,0,0.12157512
0,0.0732431,0.12157512,0.12157512
0.12157512,0,0.12157512,0
0.12157512,0,0.07280932,0
0.09802614,0.12157512,0.12157512,0.090863675
0.096020386,0,0.12157512,0.12157512
0,0,0,0.12157512
0.12157512,0.12157512,0,0
0.12157512,0,0.010416667,0
0.12157512,0,0,0
0,0,0,0.0089375
0,0,0.0732431,0.12157512
0.08579978,0.12157512,0.12058553,0.12157512
0,0.12063762,0,0.0732431
0.12157512,0,0.12157512,0.08645919
0,0.12157512,0,0
0.12157512,0.12157512,0,0.120689705
0.12157512,0.12157512,0,0
0,0.12157512,0,0
0,0.08969414,0.12157512,0.12157512
0,0.12157512,0.12157512,0
0.12157512,0.16750231,0.12157512,0
0,0,0,0.12157512
0,0,0.12157512,0
0,0.12157512,0.12157512,0
0,0.12157512,0,0.08774463
0,0,0.12157512,0.12157512
0.12157512,0.12157512,0.12157512,0.07356354
0.12157512,0.12157512,0,0.12157512
0.16750231,0.12157512,0.12189375,0.12157512
0,0.12157512,0.12157512,0.12157512
0.16750231,0.12157512,0,0
0.16750231,0,0.00015625,0
0,0.12157512,0.08804343,0
0,0.12157512,0.12157512,0.12157512
0.12157512,0.12157512,0.12157512,0
0,0.12157512,0,0.12157512
0,0,0,0.12157512
0.12157512,0.12157512,0.12425779,0
0.12157512,0.12157512,0.12157512,0.12157512
0.12157512,0.11667102,0.12157512,0.12157512
0,0.12157512,0.094298884,0.12157512
0.12157512,0,0.09204974,0
0.16750231,0.12157512,0.12157512,0.12157512
0,0.12157512,0,0.08985978
0,0,0.12157512,0
0.12157512,0.12157512,0.08377465,0
0,0,0.12157512,0.12157512
0,0.12157512,0,0
0.093594834,0.16750231,0.12157512,0.063580655
0,0,0.16750231,0.0967781
0,0,0,0
0,0.12157512,0.12114342,0
0.12157512,0,0.12157512,0.12157512
0.12157512,0.12157512,0,0.12157512
0,0,0,0.12157512
0.12157512,0.12157512,0,0.12157512
0,0,0.12157512,0.12157512
0.12157512,0.12157512,0.11754125,0.12157512
0.12157512,0.12116474,0.12157512,0
0.12157512,0,0.12157512,0.16750231
0.12157512,0,0,0
0.16750231,0.0732431,0.12157512,0.12157512
0,0,0,0.10767142
0.12157512,0,0.12157512,0
0.12157512,0.12157512,0,0.12157512
0,0,0.12157512,0.12157512
0,0,0,0.12157512
0.08728089,0.12157512,0.12157512,0.15625231
0.12157512,0,0.123634785,0.12157512
0,0,0,0.12157512
0,0,0.12157512,0.12157512
0,0.12157512,0,0.1201804
0.12157512,0,0,0.12157512
0.08701503,0.12157512,0.16750231,0
0.12030403,0,0,0
0,0.12157512,0.12157512,0.12157512
0,0.12157512,0,0.12157512
0.12157512,0.12157512,0.12157512,0.16750231
0,0.12157512,0.12157512,0
0.12157512,0,0,0
0.16750231,0,0,0
0.16750231,0,0.12157512,0
0.12157512,0.12157512,0,0.12157512
0,0,0.16750231,0.09035436
0,0.12157512,0.16750231,0
0,0.12157512,0.09437177,0.12157512
0,0.12157512,0.12157512,0
0,0.12157512,0.12157512,0.09757752
0,0.12157512,0,0.12157512
0.12157512,0,0.12157512,0.12157512
0.16750231,0.09542788,0.12157512,0.12157512
0,0.12157512,0.16750231,0.12157512
0.12157512,0.046798363,0,0.16750231
0.12157512,0,0.16750231,0
0.16750231,0,0.12157512,0
0,0,0.12157512,0
0.16750231,0.11749457,0.12157512,0.16750231
0.12157512,0,0,0.12157512
0,0,0.12157512,0.12157512
0,0.11970012,0.11908811,0.12157512
0.16750231,0.16750231,0.12157512,0
0.12157512,0.12157512,0.12157512,0.16750231
0.16750231,0,0.16750231,0.12157512
0.15437731,0.16750231,0.12157512,0.12157512
0.12157512,0.16750231,0,0
0.12157512,0.12157512,0.12157512,0.16750231
0,0,0.16750231,0
0.12157512,0.12157512,0.12157512,0
0.12157512,0,0,0
0.1567471,0.12157512,0.06513093,0.12157512
0,0,0,0.12157512
0,0.16750231,0,0
0,0.12157512,0.12157512,0.12157512
0,0,0,0.12157512
0,0,0.12157512,0.121578775
0.12157512,0.16750231,0.093166985,0.12126262
0.12157512,0.16750231,0,0.12157512
0.12157512,0,0.16750231,0.09201764
0,0,0.12157644,0
0,0.12157512,0.16750231,0.12157512
0.12157512,0.16750231,0.09865544,0
0.12157512,0,0.16750231,0.12157512
0,0,0.12157512,0.12157512
0.12157512,0,0.12157512,0
0,0.16750231,0.16750231,0.16750231
0,0,0,0
0,0.08337279,0,0.16750231
0.16750231,0.12157512,0.16750231,0
0.12157512,0.12157512,0,0
0,0,0.16750231,0
0.16750231,0.12157512,0.12157512,0
0.16750231,0,0.12157512,0.16750231
0.16750231,0,0.12157512,0
0.12157512,0.16750231,0.12157512,0.16750231
0.16750231,0.12157512,0.16750231,0
0.12157512,0,0.16750231,0
0.12157512,0,0,0
0.16750231,0.16750231,0.12157512,0.12157512
0.12157512,0.16750231,0.16750231,0
0.16750231,0.12157512,0.16750231,0.12157512
0.12157512,0,0,0.16750231
0,0.12157512,0,0.12157512
0.12157512,0.12157512,0.12157512,0.16750231
0.10108163,0.16750231,0.16750231,0.12157512
0.16750231,0.12157512,0.16750231,0
0.12157512,0.16750231,0.16750231,0.12157512
0.12157512,0.12157512,0.16750231,0.12157512
0.16750231,0,0.12157512,0.12157512
0.12157512,0.12157512,0.12157512,0
0.16750231,0.16750231,0.16750231,0.16750231
0.12157579,0.16750231,0,0
0.12157512,0.121679515,0.12157512,0.12157512
0.12157512,0.12157512,0.16750231,0.16750231
0.16750231,0.16750231,0.12157512,0
0.16750231,0.16750231,0,0
0.16750231,0,0,0.16750231
0.14125231,0.16750231,0,0.12157512
0,0.12157512,0.14406481,0.14875232
0,0.12157512,0.16750231,0.16750231
0.12157512,0.16750231,0.12157512,0.03526127
0,0.16750231,0.12157512,0.16750231
0.16750231,0.16750231,0.16750231,0
0.12157512,0.12157512,0.16750231,0
0.12157512,0.12157512,0.16750231,0
0.16750231,0.16750231,0.16750231,0
0.12157512,0.12157512,0,0.12157512
0.12157512,0.12157512,0,0
0.12157512,0.16750231,0.12157512,0.09185911
0,0.16750231,0,0.12157512
0.12157512,0.16750231,0.16750231,0.16750231
0.12157512,0.16750231,0,0.12157512
0,0.16750231,0,0.16750231
0.12157512,0.16750231,0,0.12157512
0.16750231,0.16750231,0.12157512,0.16750231
0,0.16750231,0.12157512,0.16750231
0.16750231,0.12157512,0.16750231,0.16750231
0.16750231,0.16750231,0,0.16750231
0.12157512,0.16750231,0.16750231,0
0.12157512,0,0.12157512,0.16750231
0.12157512,0,0.16750231,0
0.12157512,0.12157512,0.16750231,0.16750231
0,0.16750231,0.16750231,0.16750231
0,0.12157512,0.12157512,0.16750231
0.12157512,0.12157512,0.16750231,0.12157512
0.16750231,0.16750231,0.16750231,0.16750231
0.16750231,0.16750231,0.12157512,0.16750231
0,0,0.16750231,0
0.16750231,0.16750231,0.16750231,0
0,0.16750231,0.16750231,0.16750231
0.14125231,0.12157512,0,0.16750231
0.16750231,0.16750231,0,0
0,0.16750231,0.16750231,0.16750231
0.16750231,0.12157512,0.16750231,0.16750231
0.16750231,0.16750231,0.16750231,0.16750231
0.16750231,0.16750231,0.16750231,0
0.12157512,0.16750231,0.16750231,0.16750231
0.16750231,0.16750231,0.16750231,0
0,0,0,0
0.16750231,0.16750231,0,0.12157512
0.16750231,0,0.16750231,0.16750231
0.16750231,0.16750231,0,0.16750231
0.16750231,0,0.16750231,0
0.16750231,0.16750231,0.12157512,0.16750231
0,0,0.16750231,0.16750231
0.12157512,0.16750231,0.12157512,0.12157512
0.16750231,0,0.16750231,0.16750231
0.12157512,0.12157512,0.16750231,0.16750231
0.16750231,0.16750231,0.16750231,0
0.16750231,0,0.16750231,0
0.16750231,0.16750231,0.16750231,0.16750231
0.16750231,0.16750231,0,0.16521065
0.16750231,0.12157512,0.16750231,0
0.16750231,0.16750231,0.12157512,0.1515648
0.16750231,0.16750231,0,0.16750231
0.16750231,0.16750231,0.12157512,0.16750231
0.16750231,0.12157512,0.12157512,0.16750231
0,0.16750231,0.16750231,0.16750231
0.16750231,0.16750231,0.12157512,0.16750231
0.16750231,0.16750231,0.16750231,0.16750231
0,0.16750231,0.16750231,0.16750231
0.16750231,0,0.16750231,0.16750231
0.16750231,0.12157512,0.16750231,0.16750231
0.16750231,0,0.16750231,0
0.16750231,0,0,0.16750231
0.16750231,0,0.16750231,0.16750231
0.17944019,0.16750231,0.16750231,0.16750231
0.12157512,0.16750231,0.16750231,0.16750231
0.16750231,0.16750231,0.16750231,0
0.16750231,0.16750231,0,0.16750231
0.16750231,0.16750231,0.12157512,0
0.16750231,0.16750231,0.16750231,0
0.12157512,0.16750231,0,0.16750231
0.16750231,0.16750231,0,0
0.12157512,0.16750231,0.16750231,0.16750231
0.16750231,0.16750231,0.16750231,0
0.16750231,0,0,0.12157512
0.16750231,0.16750231,0.16750231,0.16750231
0.16750231,0,0.16750231,0.16750231
0.16750231,0,0.16750231,0.16750231
0.16750231,0.16750231,0.16750231,0.16750231
0.16750231,0,0,0
0.16750231,0.12157512,0,0
0.16750231,0.16750231,0.16750231,0
0,0.16750231,0,0.12157512
0.16750231,0.16750231,0.16750231,0
0.16750231,0.12157512,0.16750231,0.16750231
0.12157512,0.16750231,0.16750231,0.16750231
0,0.16750231,0.16750231,0.16750231
0.16750231,0,0.16750231,0.16750231
0.16750231,0.16750231,0.16750231,0.16750231
0.16750231,0.16750231,0.12157512,0
0.16750231,0,0.16750231,0.12157512
0.16750231,0.12157512,0.16750231,0.16750231
0.16750231,0.12157512,0.16750231,0
0.16750231,0.16750231,0.16750231,0.16750231
0.16750231,0,0.16750231,0.12157512
0.16750231,0.16750231,0.16750231,0.16750231
0.16750231,0,0.16750231,0.16750231
0,0.16167629,0.16750231,0
0.1801253,0,0,0.16750231
0.16750231,0.16750231,0,0.16750231
0.16750231,0.16750231,0.16750231,0.16750231
0.16750231,0,0.16750231,0.16750231
0,0.16750231,0.16750231,0.16750231
0.16750231,0.16750231,0.16750231,0.16750231
0.16750231,0,0.16750231,0
0.16750231,0.16750231,0.16750231,0.16750231
0.16750231,0.16750231,0,0
0,0.16750231,0.16750231,0
0.16750231,0.12157512,0.16750231,0.16750231
0.16750231,0.16750231,0.16750231,0.16750231
0.16750231,0.16750231,0.16750231,0.16750231
0.16750231,0.16750231,0.16750231,0.16750231
0.16750231,0.16750231,0.16750231,0.12157512
0.16750231,0.16750231,0.16750231,0.16750231
0,0.18220234,0.16750231,0.16750231
0,0.16750231,0,0.16750231
0,0.16750231,0.16750231,0
0,0.16750231,0.18173009,0.16750231
0.18495476,0,0.16750231,0
0.16750231,0.16750231,0,0.16750231
0.16750231,0.16750231,0,0.16750231
0.16750231,0.16750231,0.16750231,0
0.16750231,0,0.16750231,0.16750231
0.16750231,0.15750231,0.16750231,0.12157512
0.16750231,0.16750231,0.16750231,0
0.16750231,0,0.16750231,0
0.14573656,0.16750231,0.12157512,0.15044044
0.16750231,0,0.16750231,0.16750231
0.16750231,0,0.16750231,0.16750231
0.16750231,0.16750231,0,0.16750231
0,0,0.16750231,0
0.16750231,0.16750231,0,0
0.12157512,0.16750231,0.16750231,0.16750231
0.16750231,0.18283772,0.16750231,0
0.16750231,0.12157512,0,0.16750231
0,0.16750231,0,0
0.16750231,0.16750231,0.16750231,0.16750231
0.16750231,0.16750231,0.16750231,0.16750231
0.16750231,0.16750231,0.16750231,0.16750231
0.16750231,0,0,0.16750231
0.16750231,0.16750231,0,0.12157512
0.16750231,0.16750231,0.16750231,0.16750231
0.16750231,0.16750231,0.16750231,0
0,0.12157512,0.16750231,0.16750231
0.16750231,0.16750231,0.16750231,0.16750231
0.16750231,0.16750231,0.16750231,0.16750231
0.16750231,0.16750231,0,0.16750231
0.16750231,0,0.16750231,0.16750231
0.12157512,0.16750231,0.16750231,0.16750231
0,0.12157512,0.16750231,0.010392858
0.16750231,0,0,0.16750231
0.16750231,0.16750231,0.16750231,0.16750231
0.16750231,0.16750231,0.16750231,0.12157512
0,0.16750231,0.16750231,0
0.16750231,0.16750231,0.16750231,0.16750231
0.16750231,0.16750231,0.16750231,0
0.16750231,0.16750231,0,0.16750231
0.16750231,0,0.16750231,0.16750231
0.16750231,0.16750231,0.16750231,0.16750231
0.16750231,0.16750231,0,0.18413392
0.16750231,0.16750231,0,0.16750231
0.16750231,0,0.16750231,0.16750231
0.16750231,0.16750231,0.18193981,0
0.16750231,0.16750231,0.16750231,0.16750231
0.16750231,0.16750231,0.16750231,0.18329263
0.16750231,0.16750231,0,0.16750231
0,0,0,0.16750231
0.16750231,0,0.16750231,0.16750231
0,0.16750231,0.16750231,0
0,0.16750231,0.17657237,0.16750231
0.16750231,0,0.16750231,0.16750231
0,0,0,0
0.16750231,0.18486433,0,0.16750231
0,0.16750231,0.16750231,0
0.16750231,0,0.16750231,0.16750231
0.16750231,0,0.16750231,0.16750231
0,0.16750231,0.16750231,0
0.16750231,0.16750231,0.16750231,0.16750231
0.16750231,0.16750231,0.16750231,0.16750231
0.16750231,0.16750231,0,0.16750231
0.16750231,0.13464633,0.16750231,0.16750231
0.16750231,0.09825328,0.16750231,0
0.1861233,0.16750231,0.16750231,0.16750231
0.16750231,0.16750231,0,0.16750231
0.16750231,0.16750231,0,0.16750231
0.12157512,0.16750231,0.16750231,0.005625
0.16750231,0.16750231,0.16750231,0.16750231
0.16750231,0.18389371,0.13670374,0.16750231
0.16750231,0.16750231,0.12084595,0.16750231
0.12157512,0.16750231,0.16750231,0
0,0,0,0.16750231
0.16750231,0.16750231,0,0.16750231
0.18515667,0.16750231,0,0.16750231
0,0.16750231,0.16750231,0
0,0.12157512,0.16750231,0.16750231
0.16750231,0.16750231,0.16750231,0.16750231
0,0.16750231,0.16750231,0.16750231
0.16750231,0.16750231,0.16750231,0.16750231
0,0,0,0.16750231
0.16750231,0.16750231,0,0.16750231
0.16750231,0.16750231,0.16765194,0.16750231
0.16750231,0,0.16750231,0.16750231
0.16750231,0,0.16750231,0.16750231
0.16750231,0.16902997,0.17550273,0.16750231
0,0,0.16750231,0.16750231
0.16750231,0.16750231,0.16750231,0.16750231
0.16750231,0,0.16750231,0.16750231
0,0.16750231,0.16750231,0.16750231
0.16750231,0,0.16750231,0.16750231
0.16750231,0.16750231,0.16750231,0.16750231
0,0.16750231,0.16750231,0.16750231
0,0.15166962,0.18276261,0.16750231
0.16750231,0.16750231,0.16750231,0.18087836
0.18868244,0.16750231,0.16750231,0.18705136
0.16750231,0,0.16750231,0.16750231
0.16750231,0,0.16750231,0.16750231
0.12157512,0.16750231,0.16750231,0.16750231
0,0.16750231,0.16750231,0.16750231
0.16750231,0,0.16750231,0
0,0.16750231,0.16750231,0.16750231
0.16750231,0.16750231,0.16750231,0.16750231
0.16750231,0.16750231,0.16750231,0.16750231
0.16750231,0,0.16750231,0.16750231
0.16750231,0,0.16750231,0.16750231
0.16750231,0.16750231,0.16750231,0.16750231
0.16750231,0.16750231,0.16750231,0.16750231
0.16750231,0.16750231,0.16750231,0.16750231
0.18101811,0.16750231,0.16750231,0.16750231
0,0.16750231,0.16750231,0.16750231
0,0.16750231,0.16750231,0.16750231
0.18246602,0.16750231,0.16750231,0.13875128
0,0.16750231,0,0.16750231
0.16750231,0.16750231,0.16750231,0.16750231
0.16750231,0.16750231,0.16750231,0.16750231
0.16750231,0,0.16750231,0.16750231
0.16750231,0,0.16750231,0.16750231
0.16750231,0.16750231,0,0.16750231
0,0.16750231,0.16750231,0.16750231
0.16750231,0.16750231,0,0.16750231
0.16750231,0.18254153,0.16750231,0.18069577
0.16750231,0.16750231,0.1442031,0.16750231
0.16750231,0.16750231,0.17937484,0.16750231
0.16750231,0.16750231,0.18426248,0.16750231
0.16750231,0.16750231,0,0
0.16750231,0.16751665,0,0.17341898
0.16750231,0.16750231,0.16750231,0.16750231
0.16750231,0.16750231,0.16750231,0.16750231
0,0,0,0.16750231
0.16750231,0.16750231,0.16750231,0
0.16750231,0.19000967,0.16750231,0
0.1695412,0,0.16750231,0
0.16750231,0.16750231,0.1886465,0.16750231
0.16750231,0.16750231,0.16750231,0.16750231
0.16750231,0.16750231,0.16750231,0.16750231
0,0.16750231,0.16750231,0.16750231
0,0,0.16750231,0
0.16750231,0.16750231,0.17476961,0.16750231
0.16750231,0.16750231,0.16750231,0.16456906
0,0.16750231,0,0
0.18867204,0,0.16750231,0
0,0.16750231,0,0
0.16750231,0,0,0.16750231
0.16750231,0.16750231,0.16750231,0.16750231
0.16750231,0.16750231,0,0
0.16750231,0.16750231,0.18851496,0
0.16750231,0.19052075,0.16750231,0.16750231
0.1791483,0.16750231,0.16750231,0
0.16750231,0.16750231,0,0.16750231
0.16750231,0.16750231,0,0.16750231
0.16750231,0,0.16750231,0.16750231
0.18487416,0.16750231,0,0.16750231
0.16750231,0.16750231,0,0.16750231
0.16750231,0.19357328,0.16750231,0.16750231
0.16750231,0.16750231,0.16750231,0.16750231
0.16750231,0.16750231,0,0.16750231
0.16750231,0.16750231,0,0.16750231
0.16750231,0.16750231,0.16750231,0
0,0.16750231,0.16750231,0
0.16750231,0.16750231,0,0.16750231
0.16750231,0,0.16750231,0.1888337
0,0.16750231,0.16750231,0.16750231
0.16750231,0,0.16750231,0.16750231
0.18094076,0.16750231,0.16750231,0
0.16750231,0,0.16750231,0
0.16750231,0,0.16750231,0.16750231
0.16750231,0,0.16750231,0.16750231
0,0.17970918,0.16750231,0.12157512
0.16750231,0.17585175,0.16750231,0.16750231
0.16750231,0.16750231,0.16750231,0.16750231
0.1878229,0.16750231,0.16750231,0.16750231
0.16750231,0,0.16750231,0
0,0.16750231,0.16750231,0.16750231
0.16750231,0.18144187,0.14031401,0.1865785
0.16750231,0.16750231,0.16750231,0.16750231
0,0,0.16750231,0.16750231
0.16750231,0.16750231,0,0.16750231
0.1594733,0,0.16750231,0.16750231
0.16750231,0.16750231,0.16750231,0
0.16750231,0.16750231,0.067165405,0.17720023
0.16750231,0.16750231,0.18291053,0.16750231
0,0.16750231,0.1438432,0.14886667
0.16750231,0.16750231,0.16750231,0.16750231
0.16750231,0.16750231,0.16750231,0.16750231
0,0.16750231,0.16750231,0.16750231
0.18471685,0,0.16750231,0.16750231
0.16750231,0.16750231,0.16750231,0.16750231
0.16750231,0,0.16750231,0
0.16750231,0.16750231,0.16750231,0.16750231
0,0.16750231,0.16750231,0.16750231
0.16750231,0.16750231,0.16750231,0.18581156
0.16750231,0.16750231,0.16750231,0.16750231
0.16750231,0.17855352,0.16750231,0
0.16750231,0,0,0.18100686
0.16750231,0.16750231,0.16750231,0.17589568
0,0.16750231,0.16750231,0
0,0.16750231,0.16750231,0.16750231
0.16750231,0.16750231,0,0.15437731
0.16750231,0.16750231,0.16750231,0.16750231
0.16750231,0.16750231,0.16750231,0.16750231
0.16750231,0.16750231,0.16750231,0.16750231
0,0.16750231,0.16750231,0.16750231
0.16750231,0.16750231,0,0.16750231
0.18270096,0.16750231,0.16750231,0.16750231
0.16750231,0.16750231,0.16750231,0.16750231
0.18579818,0.18352601,0.16750231,0.16750231
0,0.16750231,0.16750231,0.16750231
0.16750231,0.16750231,0.1826252,0.16750231
0,0.16750231,0.16750231,0
0.16750231,0.16750231,0.16750231,0.16750231
0.16750231,0.16750231,0,0.19167532
0,0.16750231,0.19076742,0.16750231
0.16750231,0.16750231,0.1827769,0.16750231
0.16750231,0.16750231,0.16750231,0
0.16750231,0.16750231,0,0.16750231
0.16750231,0.16750231,0.16750231,0.16750231
0,0.16750231,0.17593981,0.16750231
0.16750231,0.16750231,0.19282877,0.18354012
0.17731366,0,0.16750231,0.16750231
0.16750231,0.16750231,0.16750231,0.16750231
0.16750231,0.16750231,0.16750231,0.16750231
0.1681293,0.16750231,0,0.19687754
0.16750231,0.12157512,0.16750231,0.16750231
0.16750231,0.16052315,0.16750231,0.19558586
0,0.16750231,0.16750231,0.16750231
0.16750231,0,0.16750231,0.16750231
0,0.16750231,0.16750231,0.16750231
0.16750231,0.16750231,0.18583517,0.12157512
0.16750231,0.16750231,0,0.16750231
0.16750231,0.16750231,0.16750231,0.16750231
0.16750231,0.16750231,0.16750231,0.16750231
0.19070043,0.18088427,0.16750231,0.16750231
0.16750231,0.16750231,0,0.16750231
0.16750231,0,0.16750231,0.16750231
0.16750231,0.16750231,0,0.16750231
0.16750231,0.16750231,0.16750231,0.16750231
0.16750231,0.16750231,0.16750231,0.18665354
0.16750231,0.19720559,0.16750231,0.16750231
0.16994002,0,0.16750231,0
0.16750231,0,0.16750231,0.16750231
0,0.16750231,0,0.16750231
0.16750231,0.16750231,0.16750231,0.18655385
0.16750231,0.18162608,0.16750231,0.16750231
0.16750231,0.16750231,0.16750231,0.16750231
0,0.16750231,0.16750231,0.16750231
0.16750231,0.16750231,0.16750231,0.16750231
0.16750231,0,0.170002,0.16750328
0.16750231,0.16750231,0.16750231,0
0.16750231,0.16750231,0.14817728,0.16750231
0.16750231,0.16750231,0.16750231,0.18851303
0,0.16750231,0.16750231,0
0.16750231,0.16750231,0.16750231,0.19476672
0,0.16750231,0.16750231,0
0.16750231,0,0,0.12157512
0,0.14086655,0.16750231,0.16750231
0.16750231,0.18272667,0.16750231,0
0.16750231,0.1515332,0.16750231,0
0.16750231,0.19286689,0.19562183,0.16750231
0,0.16750231,0.16909271,0.16750231
0.12157512,0.16750231,0.16750231,0.18418086
0.16750231,0.16750231,0.16750231,0.16750231
0.16750231,0,0.16750231,0.16750231
0.15954337,0.16750231,0.16750231,0.16750231
0.16750231,0.16750231,0.16750231,0.18773429
0.16750231,0.16750231,0.16750231,0.1838225
0.16750231,0.16750231,0.16750231,0.16750231
0.16750231,0.16750231,0.16750231,0.16750231
0.16750231,0.16750231,0.16750231,0.16750231
0,0.16750231,0.16750231,0.16750231
0.17935176,0.16750231,0.16750231,0.16750231
0.16750231,0.16750231,0.16750231,0.16750231
0.17073545,0.16750231,0.16750231,0.16750231
0.1704825,0.16750231,0,0.16750231
0.17990153,0.17147845,0.15654771,0.16750231
0.16750231,0.16750231,0.16750231,0.16750231
0.16750231,0.16750231,0.16750231,0
0.16750231,0.16750231,0.16750231,0.16750231
0.20539814,0,0.16753839,0
0.16750231,0,0.16312425,0.17078215
0.16750231,0.16750231,0.16750231,0.16750231
0.16750231,0.16750231,0.18784414,0.16750231
0.16750231,0.16750231,0,0.16750231
0.16750231,0.16750231,0.16750231,0.14631027
0.1838536,0,0,0.16750231
0.16750231,0.16750231,0.12157512,0.16750231
0.16750231,0.16750231,0,0.16750231
0.16750231,0.18775277,0.16920675,0.1706475
0.16750231,0.16750231,0.16750231,0.16750231
0.16750231,0.16750231,0,0.16750231
0.16750231,0.16750231,0.18149838,0.16750231
0,0.16750231,0.19188707,0
0,0.16750231,0.16750231,0.16750231
0.16750231,0.16750231,0.16750231,0.16750231
0.16415341,0.15014558,0.16750231,0.16750231
0,0.16750231,0.16750231,0.16750231
0,0.16750231,0.16750231,0.16750231
0.18085223,0.16750231,0.16750231,0.13533731
0,0.17840058,0.16750231,0.16750231
0.19426163,0.17057107,0.18987748,0.16750231
0.16750231,0.17992108,0.17066789,0
0.16750231,0.16750231,0,0.16750231
0,0.16750231,0.18500456,0.20028381
0.1701297,0.19255325,0,0
0,0.18446895,0.16750231,0.13687731
0.16750231,0.16750231,0.16750231,0.1691157
0.16750231,0,0.19517384,0.18250231
0.16750231,0.18834606,0.16750231,0.16750231
0.16750231,0.16750231,0.16750231,0.16750231
0.16750231,0.19114481,0.16750231,0.00953125
0,0.16750231,0.16750231,0
0.19473147,0.16750231,0.16750231,0.16750231
0,0.1588035,0.16750231,0.18097761
0.16750231,0.16750231,0,0
0.16750231,0.16750231,0.16750231,0.17743112
0.16750231,0,0.16750231,0.16750231
0.16750231,0.18620302,0.1910238,0.16750231
0.19235922,0.19552314,0,0.16750231
0.16750231,0.16750231,0.16750231,0.16750231
0.16750231,0.16750231,0.16750231,0.16750231
0.16753618,0,0.16750231,0.19628374
0.18156481,0.16750231,0.16750231,0.16750231
0.18768981,0.16750231,0.16750231,0
0.16750231,0,0.16750231,0.16750231
0,0.16750231,0.16750231,0.16750231
0.16750231,0.16750231,0.16750231,0.16750231
0,0.16750231,0.16750231,0.16750231
0.16750231,0.16750231,0.108610794,0.16750231
0.16750231,0.18343982,0.16750231,0.16750231
0.16750231,0.19464815,0.16822274,0.16750231
0.16750231,0.1916545,0.16750231,0.16750231
0.17937969,0,0.18951039,0.16750231
0.16750231,0,0.16750231,0
0,0.19375592,0.17873548,0.16977267
0.16750231,0.18906482,0,0.16750231
0.16750231,0.16750231,0.18788788,0.16750231
0.16750231,0.16750231,0.11163099,0.16750231
0.16750231,0.16750231,0.18049991,0.16750231
0.17896654,0,0.16750231,0.18480916
0.16750231,0.19744349,0.18638875,0.16750231
0.16750231,0.16750231,0.16750231,0
0.17854203,0.16750231,0,0.17901403
0.16750231,0.16750231,0.16750231,0
0.0022916668,0.16750231,0.16750231,0.16750231
0.16750231,0.16750231,0.16750231,0.16750231
0.1811502,0.16750231,0.19257058,0.19158415
0.19363773,0,0.16750231,0.16750231
0.16750231,0.16750231,0.18069753,0.0029583334
0.16750231,0.16750231,0.16750231,0.16750231
0,0.16758345,0.1941273,0.16750231
0.16750231,0.16750231,0.16750231,0.16750231
0.16750231,0.112056546,0,0.16750231
0.16750231,0,0.16750231,0.16750231
0.19013461,0.16750231,0.1937523,0.16750231
0.15355837,0.16750231,0.16750231,0.16750231
0.16750231,0.19277334,0.16750231,0.19487816
0.16750231,0.16750231,0.003125,0.16750231
0.16750231,0.16750231,0.19525737,0.20418558
0.20388797,0.1928044,0.19093981,0.16750231
0.18841384,0.16750231,0.16750231,0.1827855
0.16750231,0.19340058,0.17686367,0
0.16750231,0,0.16750231,0.16750231
0.16750231,0.17745762,0.18496968,0
0.16750231,0.16750231,0.16750231,0.16750231
0.16750231,0,0.16750231,0
0.16750231,0.16750231,0.16750231,0.16750231
0,0.16750231,0.16750231,0.16750231
0.16750231,0.16750231,0.16750231,0.19469844
0.16750231,0.16750231,0.16750231,0.1873172
0.16750231,0.16750231,0.1896169,0.16750231
0.19373147,0.16750231,0.16750231,0.16750231
0.17627886,0.19170767,0.16750231,0.15740912
0,0.16750231,0.16750231,0.18847106
0.16750231,0.16750231,0.16750231,0.19112732
0.05830201,0.16750231,0,0.19697432
0.16750231,0.16753991,0.16750231,0.16750231
0.16750231,0.16750231,0,0
0.19363056,0.19412448,0.1947504,0.16750231
0.16750231,0.16750231,0.16750231,0.16750231
0.16750231,0.16750231,0.16750231,0.16549014
0.19187732,0.16750231,0.16750231,0.16750231
0.16750231,0.18822183,0.19166897,0.19336052
0.16750231,0.16750231,0,0.029888488
0.16750231,0.16750231,0.16750231,0.16750231
0,0.16750231,0,0.16750231
0.16750231,0.17687732,0.16750231,0.16750231
0.16750231,0.16750231,0,0.16750231
0.16750231,0.17680933,0.16750231,0.19517083
0,0.16750231,0.16750231,0.16750231
0.19523315,0.19646065,0.16750231,0.16750231
0.16750231,0.16750231,0,0.16750231
0.16750231,0.16750231,0.16750231,0.16750231
0.16750231,0.16750231,0.16750231,0.16750231
0.16750231,0.16750231,0,0.16750231
0.16750231,0.16750231,0.11553345,0.16750231
0.16750231,0.18480681,0.17084867,0.16750231
0.16750231,0.16750231,0.16949981,0.16750231
0.16750231,0.16750231,0.16750231,0.16750231
0,0.16750231,0,0.16750231
0.1839825,0.015625,0.16750231,0.16750231
0,0.14914736,0,0.16750231
0.1937404,0.16750231,0.16750231,0.16750231
0.16750231,0.19484626,0.16750231,0.16750231
0.16750231,0.19671065,0.15507652,0.16750231
0,0.16750231,0.16750231,0.16750231
0.12157512,0.17778356,0.16750231,0.12157512
0,0,0.16750231,0.20026273
0.16750231,0.19661702,0.16750231,0.16750231
0.19240661,0.16750231,0.19543669,0.16750231
0.1880544,0.16750231,0.19517848,0.19283564
0.16750231,0.16750231,0.19626474,0.16750231
0.16750231,0.16750231,0.16750231,0.16750231
0.16889518,0.16750231,0.18426181,0.16750231
0.16819204,0.18981415,0.1947018,0
0.16750231,0.16750231,0,0.16750231
0.16750231,0.19323711,0.188793,0
0.16750231,0.16750231,0,0.078125
0.19138353,0,0,0.16750231
0.16750231,0.16750231,0,0.16750231
0.16750231,0.16750231,0,0.16750231
0.16750231,0.19374211,0.16750231,0.16750231
0,0.18909627,0.16928087,0.16750231
0.16750231,0.16750231,0.16750231,0.16750231
0.09143358,0.17671816,0.16750231,0.16750231
0.16750231,0.16914083,0.18739815,0.16896865
0.16750231,0.1828756,0.19433174,0.19648723
0,0.18242505,0.16750231,0.18852141
0.16750231,0.16750231,0.16750231,0.16750231
0,0,0.12157512,0
0,0.18031996,0.18463364,0.16750231
0.17087047,0.16750231,0.16750231,0.16750231
0.16750231,0.16750231,0.18841918,0.16750231
0.16750231,0.16750231,0.16750231,0
0.1938196,0.16750231,0.16750231,0.16750231
0,0,0.16750231,0.16920036
0.19272222,0,0.16750231,0.16750231
0.16750231,0.16750231,0.16899446,0
0.19358002,0.18394242,0,0.15940607
0.16750231,0,0.16750231,0.16729343
0.16750231,0.16750231,0,0.18250103
0.16750231,0.16750231,0,0.19359607
0.16750231,0.16750231,0.19501287,0.15157187
0.16750231,0.12157512,0.16750231,0.16750231
0.16750231,0.16750231,0.16750231,0
0.16750231,0.1943652,0.16750231,0.18807545
0,0.16750231,0.16750231,0.16750231
0.19238755,0.16750231,0.16750231,0
0.16750231,0.19558662,0.16750231,0.16750231
0.19281775,0.16750231,0.16750231,0.16750231
0.16750231,0.16750231,0.19075951,0.16004308
0.16750231,0.16750231,0.16750231,0.16750231
0.16750231,0.19876507,0.1892842,0.16750231
0.16750231,0.16750231,0.16750231,0.16750231
0.19657601,0.16750231,0.18479396,0.16750231
0.16750231,0.16750231,0,0.16763937
0.16750231,0.18878374,0.16750231,0.16750231
0.16750231,0.16750231,0.16750231,0.16750231
0.19187732,0.1685185,0.16932055,0.16750231
0.19221064,0.16750231,0.16783898,0.19389948
0.16750231,0.19590421,0.16750231,0
0.16750231,0.16750231,0.16750231,0.16750231
0.16750231,0.19253372,0.16750231,0
0.124264754,0.16895145,0.18616329,0.16750231
0.16750231,0.16750231,0,0.16750231
0.19365874,0.18812731,0.16750231,0.16750231
0,0.16750231,0.1932166,0.16750231
0.19458587,0,0.19110815,0.16931498
0.16750231,0.12157512,0.16750231,0.16750231
0,0.17115669,0.16750231,0.16750231
0.16812906,0.16750231,0,0
0.16750231,0,0.16750231,0.16750231
0.16750231,0.16750231,0.18609479,0.16750231
0.16750231,0,0.17758606,0.16750231
0.17080484,0.16750231,0.19052579,0.16750231
0.17032114,0.19327314,0.16750231,0.19181679
0.16750231,0.16750231,0.16750231,0.16750231
0.16750231,0,0.16750231,0.18544446
0.16750231,0.19179398,0.19329397,0.18804894
0.19708565,0.16750231,0.15237933,0.19449809
0,0,0.15531482,0.16058722
0.08461977,0.16750231,0.16750231,0.16750231
0.16750231,0.15369287,0.18088034,0.17926252
0.16750231,0,0.16750231,0.16750231
0.16750231,0,0.16750231,0.16750231
0.15315732,0.18882428,0.16750231,0.16750231
0.16750231,0.18233933,0.19138582,0.18667953
0,0.16754465,0.16750231,0.16750231
0.19775252,0.16750231,0.16750231,0.16750231
0.1802312,0,0.16750231,0.16750231
0,0.16750231,0.16750231,0.19797508
0.17028971,0.19637291,0.16750231,0.16750231
0.16750231,0.16750231,0.16750231,0.16860843
0.16750231,0.16750231,0.17941858,0.16750231
0.17074776,0.19133145,0.16750231,0.16750231
0.19548373,0.16750231,0.16750231,0
0.1034084,0,0.16750231,0.16750231
0.18583234,0.16750231,0.19767645,0.16944551
0.16750231,0.19260257,0,0.16750231
0.16750231,0.19510648,0.19347106,0.16750231
0.19241554,0.16750231,0.16750231,0.16750231
0.16750231,0.16750231,0.16750231,0.18657365
0.16750231,0.16750231,0.16960794,0.18487972
0.16891234,0.16750231,0.16750231,0.16750231
0.1889191,0.16750231,0.16750231,0
0.015625,0.16750231,0.16750231,0.16750231
0.18115856,0,0.16750231,0.16750231
0.16750231,0.16750231,0.16750231,0.192107
0.16750231,0.16993572,0.19588768,0.1670648
0.16750231,0.16750231,0,0.16750231
0.16750231,0.16750231,0.16750231,0.16750231
0.20106724,0.16750231,0.16750231,0.1522046
0.16750231,0.16750231,0.16750231,0.16750231
0.16750231,0.18865298,0.16750231,0.16750231
0.16750231,0.16750231,0.19249368,0.16755402
0.16750231,0.19377851,0.19372106,0.19070786
0,0.17704695,0.16750231,0.1451677
0.16750231,0.19211245,0.16750231,0.19640803
0.16750231,0.19297421,0.16750231,0
0,0.18611005,0.12157512,0.17072318
0.16750231,0.16750231,0.18644273,0.18314604
0,0.16750231,0.16750231,0.16750231
0,0.16750231,0.16750231,0.16750231
0.16750231,0.18876003,0.16750231,0.16750231
0.16750231,0,0.16750231,0.19277315
0.19245023,0.16750231,0.16750231,0.16750231
0.16750231,0.16750231,0.18870023,0.16761865
0.19339085,0.16750231,0.17781481,0.16750231
0.18985644,0.16750231,0.12157512,0.16750231
0.16750231,0.16750231,0.19451272,0.1605949
0.16758035,0,0.16862476,0.16750231
0.16750231,0.16750231,0.16750231,0.17795892
0.19466422,0,0.16750231,0
0.16750231,0.16910392,0.19446865,0.16750231
0.16750231,0.16750231,0.16750231,0.17049666
0.19051827,0.16750231,0.16750231,0.16948983
0.16750231,0,0,0
0.16750231,0.16750231,0,0.152339
0,0,0.170429,0.08100336
0.16750231,0.19068982,0.16750231,0.16750231
0.19493903,0,0.16750231,0.16792668
0,0.16939136,0,0.16750231
0.16750231,0.19064814,0.16750231,0.19578373
0.16750231,0.19181004,0,0.19446065
0.16750231,0.16750231,0.16750231,0.16750231
0.16829653,0.16750231,0.16750231,0.16750231
0.16750231,0,0.1901794,0.16750231
0.15468884,0.18963417,0.16750231,0.16889961
0.19786602,0,0.16750231,0.19102247
0.16750231,0.16750231,0.16750231,0.16965431
0.20631252,0,0.19128844,0.1899257
0.16750231,0.16750231,0.19006495,0.15941766
0.19041897,0.16750231,0.18364063,0.16948141
0.16750231,0,0.16750231,0.19063441
0.16923319,0.18882361,0.16750231,0.18672466
0,0,0.16750231,0.16750231
0.17098577,0.16750231,0.16750231,0.16750231
0.18779454,0.14968981,0,0.18969946
0.20444782,0,0,0.16750231
0.16750231,0.16750231,0.16842018,0
0.19214123,0.16750231,0.16750231,0.17016195
0.18895863,0,0.16750231,0.16750231
0.16750231,0.19233426,0.18007296,0.16750231
0.16750231,0,0.19076782,0.16943786
0.16750231,0.16750231,0.1704243,0.19853924
0.16750231,0.18808581,0.20035242,0.16750231
0.16750231,0.16750231,0.1706251,0.19187124
0.16750231,0.16750231,0,0.19234774
0.19423455,0.15415151,0.16750231,0
0.15680324,0.16333279,0,0.16750231
0,0.16750231,0.19281481,0.17995022
0.16750231,0.16750231,0.16750231,0.20140833
0.16750231,0.16750231,0.1616312,0.16750231
0.12157512,0.19554108,0.1969424,0
0.192649,0.16695964,0.19160226,0.16750231
0.1683224,0,0.16750231,0.16750231
0.16981226,0.15978016,0.16750231,0
0.1907514,0.18882522,0.16750231,0.16909538
0.16750231,0.16750231,0.16750231,0.16750231
0.16750231,0.16750231,0.19908564,0.19177808
0.19679397,0.16750231,0.19129361,0.16750231
0.19854446,0.18672106,0.16750231,0.16750231
0.16999169,0,0.16750231,0.16750231
0.17130253,0.18814376,0.16750231,0.16750231
0,0.16750231,0.1951686,0.16750231
0.16881233,0.19052826,0.16750231,0.18812898
0.15666898,0.16750231,0,0.20673819
0.16750231,0.16750231,0.16750231,0.16544516
0,0.16750231,0.16750231,0.19620247
0.17085218,0,0.16750231,0.19413932
0.16842228,0.16750231,0.16750231,0.16750231
0.16750231,0.19470023,0.16750231,0.16750231
0.19374189,0.16944653,0.19146833,0.16750231
0,0.19361842,0.16750231,0.19305588
0.16750231,0,0.19001272,0.16938168
0,0.16750231,0,0.16750231
0.1346883,0.19337745,0.16750231,0.16750231
0.18853664,0.16750231,0.16750231,0.16750231
0.16750231,0.18560024,0,0
0.19096597,0.16750231,0.16750231,0.19882672
0.16750231,0,0.16970967,0.18878694
0.11869501,0,0.17100802,0
0.19471335,0.1911971,0.15260346,0.16750231
0.19284455,0.16750231,0.16750231,0
0.1929487,0.16784105,0.16750231,0.16750231
0.19264814,0.16968592,0,0
0.16974735,0.16750231,0.16902989,0.19777757
0.16750231,0.16750231,0.19489324,0.17007421
0.16750231,0.16750231,0.16750231,0.16750231
0.19564232,0.16750231,0.19297145,0.1905167
0,0.16750231,0.1924977,0.16750231
0.16750231,0.16750231,0.16750231,0.17051308
0.1885093,0.16750231,0,0.19058685
0.16750231,0.16750231,0.16750231,0.16750231
0.16750231,0.15737356,0.16750231,0.18699172
0.16750231,0.16750231,0.16750231,0.1952738
0.16750231,0.17045327,0.16750231,0.16750231
0.18599127,0.16957636,0.16750231,0.19344081
0.1848642,0.16750231,0.19334716,0.19011322
0.16750231,0.16750231,0.16750231,0.16750231
0.16750231,0.16750231,0.14417094,0.16750231
0.16750231,0,0.16750231,0.16954254
0.19690625,0.16750231,0.20182969,0.16750231
0,0.16750231,0.16750231,0.18694091
0,0.15923254,0,0.19379398
0.16809021,0.19247323,0.19446799,0.16750231
0,0.19523256,0,0.16750231
0.010875001,0.07654439,0.19439536,0.16750231
0.18731481,0.16750231,0.16895592,0.1684347
0.1885633,0.16750231,0.16750231,0.16906267
0.16750231,0.17117633,0.19078374,0.18159896
0.19612709,0,0,0.16750231
0.19724396,0,0.17884606,0.18439054
0.16750231,0.16750231,0.16750231,0
0.18850231,0.16750231,0.18990593,0.19555439
0.20003647,0.19033565,0.1915696,0
0.16750231,0.16750231,0.19455303,0.1968358
0.16750231,0.16750231,0.16929181,0.18655439
0.16750231,0.18910144,0.16750231,0.19254151
0.17107818,0.16750231,0.16750231,0.16750231
0.16750231,0.18589495,0.16750231,0
0.17137206,0.15425423,0.18815085,0.18855439
0.17558245,0.18968037,0.16958833,0.16750231
0.16750231,0.19112445,0.11975895,0.18520814
0,0.18188563,0.00625,0.18906482
0.16750231,0.16750231,0.19391243,0.16750231
0,0.18881433,0.19200231,0.16750231
0.16750231,0,0.16750231,0.16986272
0.16750231,0.12249726,0.16750231,0.14593981
0.16750231,0.16750231,0.19069,0.191573
0.16750231,0.19008157,0.19611698,0.19449452
0.19925562,0.16750231,0.16787148,0.16750231
0.16750231,0.16750231,0.16750231,0.011229167
0.16750231,0.19448774,0.16750231,0.16750231
0.16750231,0.16955152,0.17028981,0.16750231
0.19541968,0.16750231,0.18875407,0.19575024
0.1948967,0.1692265,0.17079052,0.18599623
0.16750231,0.1867748,0.16750231,0.18685648
0.19057569,0.16750231,0.16750231,0.19624588
0.16750231,0,0.16750231,0
0.16947545,0.12157512,0.16750231,0.19072106
0.16750231,0.20441842,0.19578145,0.16750231
0.16750231,0,0.1946643,0.16750231
0.18378356,0.16750231,0.16833153,0.1950544
0.16750231,0.16750231,0.18682258,0.16750231
0.16750231,0.16750231,0.16654398,0.16750231
0,0.16750231,0,0.1971216
0.19344507,0.19530135,0.18329991,0.19455044
0.16750231,0.16750231,0.19450362,0.16750231
0.16750231,0.19781901,0.16750231,0.14797723
0.16750231,0.16885836,0.1450023,0.16750231
0,0.16750231,0.17690839,0.16796467
0,0.1951654,0.18489885,0.16750231
0.16750231,0.16750231,0.16750231,0.1952608
0.15714946,0.16750231,0,0.16750231
0.16750231,0.16750231,0.16750231,0.16750231
0.16750231,0.16750231,0.16750231,0.16750231
0.16750231,0.16750231,0.17072213,0.16750231
0.16750231,0.16750231,0.16785981,0.19046798
0,0.16750231,0.18198921,0.1908001
0.16750231,0.19443627,0.19431378,0
0.1709149,0.19390471,0.18109097,0.16750231
0.19005804,0.16750231,0.16750231,0.19310679
0.16750231,0.18564814,0.16750231,0.16750231
0.1648038,0.16750231,0.16750231,0.16750231
0.16822615,0.17784606,0.07375231,0.17072512
0.16846037,0.16750231,0.20136508,0
0,0.19200365,0.16750231,0.1870516
0.19630718,0.16750231,0.18781398,0.16750231
0.20481591,0.19604434,0.17078319,0.198347
0.16750231,0.17110302,0.19600661,0.1702501
0.15663067,0.169159,0.19891998,0.18891148
0.16750231,0.16750231,0.16750231,0.16750231
0.16750231,0.16750231,0.20233564,0.16750231
0.18492416,0.16900896,0.17113689,0.16750231
0.16750231,0.16750231,0.18854865,0.19453247
0.18941557,0.16750231,0.17372434,0.16750231
0.16750231,0.192015,0.18720044,0.19374189
0.19170706,0.1947214,0.1697746,0.17268908
0.16750231,0,0.16750231,0.16750231
0.16750231,0.16750231,0.16750231,0.17114848
0,0.16750231,0.19664383,0.16750231
0.16750231,0.16750231,0.16750231,0.16750231
0,0.16750231,0.19527335,0.19997713
0.16750231,0.15080386,0.16750231,0.16750231
0.13642278,0.19400856,0.16750231,0.20141204
0,0.16750231,0.19444682,0.16750231
0.16750231,0,0.16750231,0.19168526
0.19040057,0.1980142,0.16750231,0.1928183
0.16750231,0,0,0.13793394
0.14406481,0.16750231,0.17772764,0.16750231
0.16750231,0.16750231,0.16750231,0
0.18266898,0.00082886906,0,0.19147225
0.16750231,0.16750231,0.189633,0.011000001
0.19026951,0.16750231,0.009651786,0.19569011
0.16750231,0.16750231,0.16750231,0.16750231
0.16750231,0.19391593,0.17069525,0.19153377
0.1948594,0.19235648,0,0.16750231
0.16841055,0.15614027,0.16754553,0.19353986
0.16883998,0.16750231,0.19656125,0.18768212
0.1514643,0.18803357,0.16750231,0.16750231
0.19796236,0.16750231,0.19059607,0.18584481
0.13759322,0.16218224,0.17062436,0.1685609
0.16750231,0,0.1953044,0.19483294
0.19589603,0.15273793,0.19860648,0.19513674
0.16750231,0.16750231,0.19282877,0.16750231
0.16750231,0.16750231,0.19353355,0.16750231
0.16750231,0.19252576,0.19949608,0
0.16750231,0.18925525,0.19577922,0.15648389
0.17749177,0.19173707,0.16750231,0.19357523
0.16750231,0.19243361,0.19567701,0.16750231
0.16750231,0.19964664,0.19701335,0.21637797
0.16750231,0.16750231,0.17888188,0.19067691
0.19462577,0.18475717,0.19066508,0.16755003
0,0.19247349,0.17089108,0.16750231
0.19517396,0,0.1789566,0.16750231
0.16750231,0,0.19274278,0.19194975
0.1802603,0.16750231,0.19836701,0.16929764
0.16750231,0.16750231,0.20285298,0.19523104
0.17099716,0.16750231,0,0.19060554
0.19628184,0.19342518,0.16750231,0.16750231
0.16750231,0.20148796,0.16750231,0.16750231
0.19102314,0.1869089,0.18688165,0.16750231
0.19366898,0,0,0.16750231
0.16750231,0.16939352,0.17791657,0.16750231
0.18263452,0.16750231,0.19167802,0.1675494
0,0.19521959,0.16750231,0
0.17036287,0.18793981,0.16750231,0.19508564
0.16750231,0.16750231,0.1951298,0.20443292
0.193105,0.19434918,0.16750231,0.18123148
0.19147983,0.18889044,0,0.16750231
0.16750231,0.16750231,0.1935098,0.16750231
0.16920318,0.16750231,0.16750231,0.16750231
0.20118982,0.16750231,0.16750231,0.19175121
0.19457251,0.19494067,0.19148283,0.16750231
0,0.16750231,0.1888923,0.17085715
0.1915213,0.16750231,0.16750231,0.16750231
0.17051002,0.18793689,0.19666788,0.16800143
0.16750231,0.16750231,0.16750231,0.19623922
0.16132659,0.19755371,0.18999395,0.16750231
0.17128739,0,0.16750231,0.15065984
0,0.16750231,0,0.19422989
0.15360443,0.16750231,0.1970722,0.16750231
0.16232957,0,0.16750231,0.16774915
0,0.16750231,0.1942601,0.16750231
0.16750231,0.18953028,0.19807045,0.19076362
0.1939305,0.19270566,0.19108543,0.17112464
0.16750231,0.17576407,0.18983683,0.19341004
0.16750231,0.16750231,0.16750231,0
0.19288023,0.19417953,0.191497,0.16750231
0.1882059,0.16750231,0.16750231,0.14432904
0.16750231,0.14527655,0.18751273,0.16750231
0.19244239,0.16965109,0.1965491,0.16750231
0.16750231,0.19001517,0.16750231,0.14150412
0,0.13997681,0.17078133,0.16750231
0,0.16750231,0.19390912,0.19234888
0.16750231,0.16750231,0.16034184,0.19089815
0.16750231,0.18787077,0.16825825,0.17107004
0.1600128,0.13371286,0.1968669,0.16807736
0.16750231,0.17101918,0.17060734,0.16750231
0.16750231,0.19698147,0.16750231,0.070959374
0,0.16750231,0.16750231,0.19555455
0.19821562,0.16750231,0.19621795,0.16750231
0.18705623,0.16750231,0.19174293,0.16750231
0.16750231,0.20082766,0.18729398,0.19596404
0.20173337,0.15031192,0.16750231,0.16750231
0,0.19704226,0,0.16778745
0.16750231,0.19045796,0.1897729,0.1632151
0.16750231,0.19428542,0.16750231,0.18907878
0.19020848,0,0.16750231,0.19248398
0.15516418,0.16750231,0.16750231,0.19568981
0.16750231,0.16750231,0.011666667,0.16750231
0,0.16750231,0.19301002,0.1596614
0.18859695,0.16302916,0.16750231,0.1865592
0.16750231,0.16750231,0,0
0.16939448,0.16750231,0.011583334,0.16750231
0.19670773,0.011125,0.16750231,0.19545653
0.18969657,0,0,0.16750231
0.16750231,0.16750231,0.16750231,0.16750231
0.16750231,0.18959437,0.12157512,0.16750231
0.16750231,0.17093644,0.19065973,0.16750231
0.18935011,0.18695213,0.1453907,0.19001794
0.19374909,0.19436805,0.16750231,0.19372602
0.19016245,0.19048613,0,0.1946424
0.19116768,0.16841072,0.19429731,0.1942287
0.18750119,0.16750231,0.18713154,0.1958045
0.16851462,0.18943825,0.19533429,0.16750231
0.16750231,0.14457595,0.16750231,0.16750231
0.16785513,0.16750231,0.16750231,0.19623491
0.19391897,0.18854035,0.1912085,0.17007671
0.16750231,0.18837218,0.16750231,0.19114809
0.16750231,0.16750231,0.17082983,0.16750231
0.16750231,0.16750231,0.19773938,0.19317855
0.16750231,0.16750231,0.19935894,0.16750231
0.19082825,0.19747727,0.17295933,0.1891898
0.20481786,0,0.16750231,0.16750231
0.19941159,0,0.16750231,0.16750231
0.1942791,0.16750231,0.194643,0.16750231
0,0.16750231,0.16750231,0.19374739
0.16750231,0.19824384,0.16750231,0.16750231
0.19001684,0.19608614,0.12157512,0
0.16750231,0.16750231,0.19454397,0.16750231
0.16750231,0.16825375,0.19603257,0.16747113
0.1925023,0.19814035,0.16750231,0.16985974
0.1885648,0.16750231,0.16750231,0.16750231
0.19168015,0.16750231,0.11731064,0.1499981
0.19442867,0.16750231,0.16750231,0.12157512
0.16750231,0.16750231,0.16088326,0.19825655
0.0026722949,0.16750231,0.19890988,0
0.19155331,0.15500231,0.16750231,0.16750231
0.18881667,0.19545305,0.16750231,0.19780576
0.18787178,0.18489465,0.16750231,0.16750231
0.16750231,0.16750231,0.16750231,0.1910268
0.17858572,0.16750231,0.19177487,0
0.16750231,0.20062187,0.19439815,0.1606704
0.16750231,0.19054952,0.19152749,0.19176273
0.19700353,0.16750231,0.17155766,0.14820194
0.16750231,0.18828738,0.16750231,0.16750231
0.16750231,0.19750503,0.19250631,0.16750231
0.19639169,0.1636036,0,0.16750231
0.19788481,0.19178171,0.16750231,0.19658348
0.18687668,0.19366898,0.19074465,0
0.19111697,0.1976226,0.18011585,0.18791051
0.1929329,0.15849683,0.19163653,0.17095804
0.1884294,0.16750231,0,0.19174775
0.19872187,0.16750231,0.19277354,0.16750231
0.16750231,0.19558117,0.19385368,0.19526918
0,0.19161782,0.19319049,0.16750231
0.16750231,0.19540794,0.19224365,0
0.16750231,0.17573997,0.19500232,0.1703601
0.16750231,0.16973123,0.19230941,0.19161652
0.19542062,0.20254993,0.16750231,0
0.16750231,0.19162503,0.15517552,0
0.17847472,0.16750231,0.14592788,0.16750231
0.18791,0.1905655,0.09251699,0.16750231
0.19672123,0.16750231,0.16750231,0.18793432
0.16750231,0.17328821,0.18777649,0.18796329
0,0.19473468,0.18653356,0
0.19574969,0.15623207,0.16750231,0.19063397
0.16872238,0.16750231,0.1916597,0.19234179
0.19828509,0.16750231,0.16750231,0.16947842
0.18800488,0.1948068,0.16997574,0.1964539
0.20138596,0.16750231,0.03125,0
0.19068825,0.19489926,0.1855415,0
0,0.19339815,0.18928356,0.16750231
0.16750231,0.1952419,0.16750231,0.19065721
0.18925662,0.19274911,0.19443867,0.19545953
0.12157512,0,0.16750231,0.19274743
0,0.18762152,0.18648903,0.18682694
0.015625,0.19228902,0.19240668,0.20078208
0.20131236,0.17014365,0.16750231,0
0.16750231,0.16750231,0.1624453,0.1876817
0,0.18754646,0.19524333,0
0.16750231,0.16750231,0.16750231,0.16750231
0.19428864,0.16750231,0.16750231,0.16750231
0.16750231,0.16750231,0.16750231,0.19231297
0.19274382,0,0.16750231,0.19203356
0.14922039,0.16750231,0.18782789,0.16750231
0.19151479,0,0.16750231,0.19457348
0.19508676,0.19428068,0,0.1901755
0.19006047,0.16750231,0.19123131,0.1709751
0.12157512,0.16750231,0.12157512,0.19611964
0.0407993,0.19028287,0.11915636,0.18973097
0.20036769,0.19148833,0.18773165,0.19305454
0.15404725,0.16750231,0.18558206,0.19778964
0.18660627,0.16750231,0.16750231,0.20069733
0.18784226,0.12157512,0.17027889,0.15793781
0.19627874,0.16750231,0.09026568,0.124075115
0.1713832,0.17237149,0.18849708,0.13989235
0.16101997,0.2024528,0.14508209,0.16750231
0,0.16750231,0.1925233,0.18766491
0.1914542,0.19603008,0.16750231,0.12157512
0,0.18984619,0.16750231,0.16750231
0.1907071,0.16750231,0.2057873,0.1953798
0.17878877,0,0.19902948,0.16750231
0.16750231,0.16750231,0.19187294,0.16750231
0.16750231,0.19479474,0,0.19155955
0.16750231,0.19149116,0.1893044,0.13961591
0.16750231,0.16750231,0.16750231,0.16754857
0,0.16750231,0.19732697,0.1512027
0.16750231,0.16750231,0.18388076,0.16750231
0.16750231,0.17714638,0.16750231,0.18967348
0.16750231,0.16750231,0.16750231,0.1706761
0.16750231,0.16750231,0.18864831,0.18235163
0.18886618,0.19414115,0.16750231,0.16750231
0.20076494,0.1693655,0.19254139,0.19156584
0.16750231,0.16750231,0,0
0.19775921,0.20146516,0.16750231,0.16750231
0.16750231,0.1888669,0.16750231,0.16750231
0.16750231,0.18652256,0.16750231,0.19370055
0.16764055,0,0.17618275,0.17097668
0.1916295,0.1708938,0.18913926,0.16750231
0.19455042,0.19314563,0.15620048,0.16750231
0.19085796,0.16750231,0.16750231,0.18255186
0.16750231,0.19536689,0.19263612,0.19536988
0.16750231,0.16750231,0,0.16750231
0,0.005625,0.1926825,0.18870375
0.19322774,0.19796573,0.16750231,0.19665083
0.16750231,0.16750231,0.1686244,0.16750231
0.16750231,0.16750231,0.16750231,0.19376649
0.1933974,0,0.16750231,0.16750231
0.16750231,0.19176243,0.19396795,0.19215359
0.14946733,0.16750231,0.16750231,0.16750231
0.2011521,0.17223579,0.1882224,0.16759826
0.18094523,0.16750231,0.19585736,0.18812536
0.19732991,0.16753568,0.18899605,0.16750231
0.16750231,0.16750231,0.19667728,0.15365636
0.19236714,0.19334038,0.18413696,0.19688128
0.19256482,0.16750231,0.16750231,0.19355135
0.16750231,0.19276415,0.16750231,0.19203322
0.11165353,0.19926116,0.18990856,0
0.16750231,0.19834435,0.18899252,0.15840834
0.1934276,0,0,0
0.17903261,0.18679398,0.18022832,0.19540694
0.16750231,0,0.20195022,0.18870023
0.19178657,0.19544494,0.16750231,0.16750231
0.16750231,0.16750231,0.16750231,0.16750231
0.19449104,0.1989987,0.09343721,0.19213636
0.17437296,0.185711,0.16750231,0.16850232
0.18977594,0.12157512,0,0
0.20078531,0.16750231,0.16750231,0.19872744
0.19787642,0.19432929,0.16750231,0.19323581
0.16750231,0.16750231,0.19482353,0.0094375005
0.18598148,0.16750231,0,0.20405327
0.1922026,0.18883546,0.16750231,0.1865661
0.16750231,0,0.17657408,0.16750231
0.16833565,0.19521019,0.19135314,0.16750231
0.19435255,0.19239876,0.19872107,0.19318578
0.16750231,0.18433243,0.19353119,0.19137731
0.16750231,0.16750231,0.18642335,0.12157512
0.16750231,0,0.20743702,0.16750231
0.03379796,0.18769386,0.15078785,0.16750231
0.16800596,0.16750231,0.16750231,0.19502315
0.16750231,0.19396064,0.16750231,0.18088628
0.19589631,0,0.16750231,0.16750231
0.1678615,0.19181105,0.17025506,0.1679143
0.16750231,0.16750231,0,0.16750231
0.19135204,0.19188772,0.18772106,0.18895581
0.16750231,0.18889418,0,0.19801739
0.15978192,0.19096084,0.1827933,0.16750231
0.07487998,0,0,0
0.16750231,0.16750231,0.19563629,0.19672054
0.16750231,0.19222239,0.19313113,0.16750231
0.20387356,0.17042604,0.16750231,0.16750231
0,0.1900045,0.17141116,0.1435617
0.16750231,0.18934393,0.19351454,0.18761566
0.20604502,0.15523289,0.19544944,0.16750231
0.16750231,0.16750231,0.18880068,0.19064249
0.19367407,0,0.18561316,0.16821985
0.19050698,0.17968981,0.16750231,0.16750231
0.1803195,0.19246086,0.16750231,0.16750231
0.18839774,0.16750231,0.19705608,0.1919294
0.19167344,0,0.18791366,0.16791898
0.16750231,0.16750231,0.1985925,0.15025377
0.16808565,0.1977496,0.19458243,0
0.19318981,0.19594568,0.16750231,0.16750231
0.19512244,0.19333564,0.18779026,0.16750231
0.19571733,0.19004397,0.18936327,0.16750231
0,0.16750231,0.1869235,0.16750231
0.18000925,0.16750231,0,0
0.16750231,0.16750231,0.16750231,0.19364174
0.19226272,0.18977891,0.19386652,0.19793862
0,0.16750231,0.18600251,0.19955264
0.1683492,0.16750231,0.16750231,0.19366898
0,0,0.18997736,0.16750231
0.19995572,0.18969962,0.16750231,0.1858541
0.20020625,0.19059654,0.18766819,0.16750231
0.19092922,0.19562732,0.08072872,0.15299632
0.18086192,0.18979855,0.16750231,0.16750231
0.15142965,0.16396697,0.16750231,0.0106875
0.18281843,0,0.199353,0.16750231
0.16890049,0.19423167,0.16936412,0.19707203
0.17991081,0.16750231,0.19492465,0.16750231
0.16007663,0.16750231,0.08140161,0.1868745
0.16961552,0.18190566,0.16838859,0
0.19466457,0.20075987,0.19147106,0.18644176
0.18953273,0.16760254,0.18404269,0.15577376
0.16750231,0.19374625,0.18374191,0.16750231
0.1896853,0.19410343,0.16443434,0.16154298
0.17010675,0.19775939,0.19325231,0.16750231
0.15739706,0.1568518,0.17110726,0.1936169
0.16750231,0.19457658,0.16750231,0.18888792
0.1964223,0.16750231,0.19020212,0.19306152
0.19622426,0.14838839,0.16750231,0.19510569
0.16844133,0.16750231,0.19265422,0.16750231
0,0.18664587,0.16750231,0.16750231
0.077045634,0.16750231,0.19469272,0
0.1990858,0.16750231,0.1945001,0.1707703
0.16750231,0,0.18598951,0.16414188
0.19923915,0.16750231,0.14772947,0.19584729
0.19654739,0.19949923,0.08585192,0.19422121
0.19833565,0,0.19058706,0.19566292
0.19961889,0.12157512,0.16750231,0.1879135
0.16750231,0.1477645,0.19211958,0.1900552
0.19332543,0.16750231,0.16750231,0.18569903
0.16750231,0.16750231,0.16750231,0.1980491
0.16750231,0.19786903,0.18913116,0.1760864
0.16750231,0.19073714,0,0.19152096
0.19099717,0.19744867,0.16750231,0.16750231
0.18501253,0.19329348,0.16929764,0.16750231
0.16750231,0,0.19501422,0.18170364
0.19157106,0.18619403,0.16750231,0.088976
0.17085882,0.16750231,0.16750231,0
0.17014004,0,0,0.16750231
0.16750231,0.18971659,0.17002556,0.16750231
0.1907266,0.16750231,0.12157512,0.16750231
0.18768519,0.16920446,0.18031496,0.16750231
0.15747231,0.1675983,0.19140856,0
0.16750231,0.19843367,0.16750231,0
0.18591939,0.16750231,0.16750231,0.17515913
0,0.19972126,0.19373938,0.11996935
0.16750231,0.1809425,0.16750231,0.16750231
0.18376027,0.16750231,0,0.1971793
0.16750231,0.19653356,0.1939525,0.18971074
0.19464618,0.1971949,0.18649182,0.16750231
0.16750231,0.19230376,0.16849831,0.19742493
0,0.19143529,0,0.16750231
0.1971197,0.18779564,0.20152304,0.19361903
0.16750231,0.18533565,0.19040908,0.16750231
0.17469162,0.19511643,0.18297137,0.17610876
0.19206458,0.16750231,0.16750231,0.19337143
0.18878368,0.19339392,0.1878196,0.18056838
0.16750231,0.16750231,0,0.1936314
0.16750231,0.15494129,0.16048342,0.15760364
0.19305,0.16500829,0.18883234,0
0.15882277,0.19161472,0.16750231,0
0.1936203,0.18995589,0.19189405,0.1709373
0.20259416,0.16750231,0.17313527,0.16750231
0.16750231,0.18404002,0.1933614,0.16750231
0.16750231,0.19192359,0,0.18674076
0,0.16750231,0.16082348,0.16750231
0.16468981,0.16750231,0.19607565,0.14562735
0.19012731,0.19815093,0.19687064,0.1940544
0.19420615,0.19343439,0.16750231,0.1848886
0.16782895,0.19211978,0.19919701,0.16750231
0.16750231,0.18249418,0.1962745,0.1934362
0.19864781,0.16750231,0.19311951,0.18824074
0.19471088,0.19171052,0.14572439,0.16807589
0.17081253,0.19242331,0.16750231,0.16750231
0.18805279,0.16750231,0.19099122,0.14535475
0.178325,0.16750231,0.19072787,0.16750231
0.12157512,0.19248636,0.1970549,0.18204707
0.16750231,0.18888122,0.16750231,0.19256008
0.20462261,0.19690484,0.19239566,0.19240645
0.19910657,0.19068982,0.18261676,0.16750231
0.16481665,0.16781887,0.19341913,0.19160096
0.18445203,0.19614692,0.18876292,0.16750231
0.13276386,0.16750231,0.18760273,0.19103499
0.15184097,0.16750231,0,0.18346278
0.19150658,0.16750231,0.16750231,0.19188987
0.16750231,0.19132523,0.16750231,0.19044837
0,0.19517712,0.1887628,0.16750231
0.16750231,0.19118921,0.1915361,0.19466898
0.1928874,0,0.16750231,0.14611083
0.19456404,0.19879691,0.17111842,0.19455205
0.16750231,0.19158077,0.16750231,0.1933618
0.16750231,0.16750231,0.16750231,0
0.16750231,0.18563388,0.1908927,0.15143122
0.18389489,0.18863235,0.16961277,0.18651399
0.19420089,0.16007605,0.19701272,0.1987089
0.16750231,0.16750231,0.18723771,0.18992239
0.19779228,0.18517977,0,0.18924735
0.16750231,0.16750231,0.16750231,0.14133044
0.19662197,0.19677131,0.19074179,0.19107053
0.19371143,0.16750231,0.16750231,0.16750231
0.19409963,0.19450098,0.16990264,0
0.19444425,0.1918995,0.16750231,0.16765389
0.16750231,0.19244151,0.16750231,0.15656427
0,0.16750231,0.19855523,0.16876249
0.16897419,0,0.16750231,0.16750231
0.18839832,0.18973583,0.16995195,0.14218093
0,0.17541179,0.18609156,0.1518723
0.16750231,0.18419588,0,0
0.19702782,0.2037281,0.19383843,0.16750231
0.16793129,0.19437881,0.1691163,0.1430985
0.1350983,0.16750231,0.19425991,0.18926273
0.16750231,0.1902399,0.16750231,0.16750231
0.16432339,0.19253051,0.16750231,0.1956752
0.16750231,0.10697844,0.1981113,0.16815805
0.19340149,0.16750231,0.18480153,0.19205903
0,0.18244673,0,0
0.17850855,0.14060703,0.10948084,0.18955143
0.19852744,0.18557926,0.18943837,0.16769263
0.16750231,0.1932004,0.20722887,0.19273998
0.16750231,0.16100545,0.16750231,0.16750231
0.19436362,0.19720255,0.16750231,0.16750231
0,0.2012889,0.18981801,0.18845451
0.19236623,0.19180484,0.16750231,0.14687003
0.18763317,0.16750231,0.19233966,0.18871084
0.18910226,0.17670304,0.16750231,0.17419408
0.18633828,0.18916182,0.16750231,0.19116862
0.16750231,0.16750231,0.15838805,0.16750231
0.16750231,0.16027983,0.19429806,0.19684637
0.16750231,0.18948893,0.16750231,0
0.16750231,0.18938278,0.14880572,0
0.18411808,0.16750231,0.16750231,0.16750231
0.16750231,0.14576446,0.19477637,0.16838503
0.16750231,0.16750231,0.16750231,0.17026158
0.18895023,0.18978378,0.16750231,0.16750231
0.15737349,0.16750231,0,0
0.19563596,0.16750231,0.1947534,0.19761355
0,0.191042,0.07669345,0.18286726
0.19426602,0.19626531,0.19237314,0.16750231
0,0.16750231,0.16750231,0.19105402
0.19936666,0.16750231,0.19900522,0.16750231
0,0.16750231,0.18894413,0.19790025
0.16750231,0.16750231,0.0036250001,0.18923049
0,0.16750231,0.1121387,0.20209369
0,0.16750231,0.19138838,0.186198
0.19121331,0.16750231,0.19908829,0.18645991
0.170108,0.16750231,0.16750231,0.1979705
0.19402482,0,0.15688477,0.16750231
0.16750231,0.1957504,0.16750231,0.19144349
0.00925,0.16750231,0.17127761,0.18502413
0.1923004,0.19209906,0.19552994,0.16750231
0.16750231,0.16750231,0,0.14805381
0.16750231,0,0.16750231,0.16855545
0.19909236,0.19561276,0.16750231,0.1908636
0.16750231,0.16750231,0.16750231,0
0.18563536,0.19170406,0.19165418,0.19151485
0.17489299,0.16761571,0.19437346,0.16750231
0,0.16752368,0.16750231,0.19084099
0.20108733,0.19592756,0.19468981,0.16750231
0.16750231,0.18468371,0.19210206,0.19287089
0.16750231,0.19636498,0.19412853,0.1712867
0,0.19493435,0.16059312,0.1935129
0.16750231,0.16750231,0.14218982,0.16750231
0.16777341,0,0.18588398,0.1936893
0.19430695,0.18482575,0.16750231,0.19637099
0.16750231,0.19148877,0.16750231,0
0,0.19098356,0.19289814,0.1885555
0.16750231,0.19196078,0.16750231,0.18663882
0.19384627,0.018083768,0.16750231,0
0.16750231,0.19041897,0.19274604,0.19592108
0.18006444,0.16750231,0,0.19251114
0,0.16750231,0.16750231,0.19567011
0.20160022,0.19830525,0.20107107,0.16788995
0.19207068,0,0.16250713,0.16750231
0,0.16750231,0.1380212,0.16219327
0.16750231,0.19357546,0.16750231,0.16750231
0.16947429,0.19963725,0.18689814,0.16750231
0.18956573,0.19828394,0.19365318,0.18684669
0.19522488,0.18175289,0.14338793,0.16750231
0.19331563,0.19345835,0.19256711,0.19033107
0.20217346,0.18705113,0.1880705,0.19388148
0.19154973,0.1677418,0.18609448,0.16750231
0.16750231,0.19439061,0.19075829,0.14814585
0,0.19448885,0,0.16750231
0.14161415,0.16750231,0.18461546,0.16750231
0.19022718,0.19795689,0.00625,0.19253357
0.18818678,0.19742708,0.19839814,0.1897124
0.16750231,0.16750231,0.19809805,0.19143203
0.18964922,0.19281128,0.19297723,0
0.17064717,0.18887073,0.18761839,0.19058709
0.16750231,0.1956696,0.16750231,0
0.19011569,0.19243851,0.16750231,0
0.1680745,0.11405349,0.18989441,0.19079125
0.19214435,0.18442757,0.1682961,0.18792413
0.08532971,0.18265544,0.1942934,0.16750231
0.16750231,0.18974191,0,0.19063151
0.19113721,0,0.19093439,0.16750231
0.19178356,0.16750231,0.16750231,0.16788892
0.16750231,0.16750231,0.19415545,0.19652443
0.1971159,0.18967,0.18785514,0.16750231
0.1384398,0.16750231,0.18065464,0
0.19321358,0.16750231,0.1896577,0
0.18926188,0.17549099,0.19194762,0.18617469
0.19412021,0.14580202,0.19247232,0.19291545
0.19248189,0.19468981,0.19147106,0.16750231
0.14923553,0.16750231,0.19098015,0.16750231
0.19299643,0.19602329,0.16750231,0.16750231
0,0.19189641,0.16750231,0.19680366
0.16750231,0,0.19697586,0.20696451
0.19247144,0.19247146,0.16750231,0.16750231
0.19422531,0.19271769,0.16798235,0.16750231
0.19510669,0.19093981,0,0.16750231
0,0.19164687,0.16750231,0.16750231
0.16750231,0.16750231,0.19384536,0.19608688
0.19410448,0.16421206,0.1988405,0
0.18962991,0.16750231,0.1942065,0.16750231
0.19491884,0.16750231,0.16750231,0.18710826
0.19371064,0.171402,0.072730325,0.170784
0.19628584,0.1940748,0,0
0.16750231,0.19067916,0.19201747,0.16750231
0,0,0.19210824,0
0.16750231,0.16750231,0.19152343,0.18977493
0.16117556,0.1911587,0.19201429,0
0.16750231,0.17149241,0.18871064,0.16750231
0.16750231,0.15712917,0.16750231,0.17082293
0.17013918,0.16750231,0.19702159,0.16834919
0.16886427,0.19200748,0,0.16750231
0.1951561,0.16750231,0.19822475,0.16750231
0.16750231,0.1594949,0.19828351,0.16845691
0.1985554,0.19069421,0.19066773,0.1714485
0.1901728,0.16750231,0.16750231,0.20396557
0,0.16750231,0.16750231,0.16827585
0.16750231,0.18642947,0.18866104,0.1812035
0.18342695,0.19436581,0.19196846,0.19155686
0,0.20530413,0.19056848,0
0.19640794,0.18927744,0,0.19596636
0.16750231,0.16750231,0.19431084,0.16750231
0.17081195,0.1931857,0.18849142,0.16750231
0.16750231,0.16750231,0.16750231,0.16750231
0.16750231,0.18395235,0.20017727,0.19255598
0.20409325,0.18893251,0.1947523,0.16809018
0,0.19359396,0.16492969,0.19265856
0.16750231,0.088998444,0.18207332,0.19275999
0.17803429,0.18868563,0,0.1930292
0,0.19336718,0.16750231,0.16750231
0.19473204,0.18140465,0.14406481,0.0424173
0.15925643,0.14923719,0.181804,0.16750231
0.16750231,0.16750231,0.19626477,0.17079662
0.16750231,0.15920098,0.19160742,0.18959971
0.18606417,0.17034116,0.17060815,0
0.19031501,0.19471028,0.19448796,0.18956032
0.192437,0.18787727,0.16750231,0.19394802
0.15699197,0.19797592,0.19304377,0.19336823
0.19837311,0.19415314,0.1896652,0.16750231
0.19117148,0.19853592,0.19181526,0
0.024820503,0.1869309,0.19260399,0.18666619
0.19281845,0,0.19685277,0.19030344
0.1429148,0.12157512,0.16750231,0
0,0.18456317,0.16750231,0.19376113
0.16750231,0.17020078,0.17907038,0.19662021
0.16750231,0.16925997,0.16750231,0.1935658
0.18966408,0.19295259,0.16750231,0.16750231
0.1954136,0.19222464,0.19903356,0.19019134
0.19294643,0.19068485,0.15128517,0.16750231
0.18820624,0.16750231,0.117397785,0
0.041048307,0.18601294,0.16750231,0.19212624
0.16750231,0.1919855,0.19972731,0.15645613
0.16750231,0.19188516,0.18885523,0.15352932
0.16769859,0.16750231,0.16750231,0.16750231
0,0.19609815,0.1534922,0.17978357
0.16750231,0.16750231,0,0.16750231
0.19963527,0,0.1866944,0.16750231
0.14795122,0,0.19017874,0.1676148
0,0.18699469,0.16750231,0.16750231
0.16750231,0,0.19637066,0
0.19540647,0.16750231,0.17013657,0.18970212
0.19298716,0.18932328,0.16750231,0.19057919
0.16750231,0.19012581,0.16750231,0.16750231
0.18198785,0.1920843,0.19274719,0.1941273
0.16750231,0.16750231,0.19609767,0.19247761
0.16750231,0.17007875,0.19168112,0.16750231
0.19227463,0,0.16750231,0.16750231
0.18517008,0.18695214,0.15566406,0
0.15174046,0.18997355,0.19230036,0
0.16892669,0.16750231,0.16861063,0.19211781
0.16750231,0.17542621,0.14598395,0.200818
0.18301319,0.19043508,0.16750231,0.18467282
0.19790585,0.16750231,0.19017345,0.16750231
0.19822168,0,0.20032287,0.1990648
0.087048285,0.16750231,0.19318046,0.19900908
0.16750231,0.16750231,0.16750231,0.16750231
0.16750231,0.19438602,0.1381458,0.19986458
0.18093733,0.16750231,0,0.20011392
0.16750231,0.19610049,0.19153829,0.19071496
0.16750231,0,0.20024715,0.19713788
0.15744214,0.1528565,0.17001714,0.19056126
0.16750231,0.16750231,0.16750231,0.2022411
0.16750231,0.1909618,0.19058555,0.19025889
0.18289536,0.16750231,0,0.19149834
0.13805646,0,0.18653066,0
0.16750231,0.17140098,0.16780578,0.19156261
0.16750231,0.19781396,0.19951272,0.19245821
0.1441136,0.18345544,0.18860283,0.2010871
0.1888483,0.19123143,0.19824634,0.16750231
0.16750231,0.19086689,0.12157512,0.19156417
0.1877588,0.19262542,0.18094434,0.16750231
0.16750231,0.16750231,0.03738292,0.14635858
0.19457522,0,0,0.16750231
0.19303592,0.19089815,0.19817935,0.1849394
0.16750231,0.16750231,0.18815486,0.19259606
0.16750231,0.16750231,0.19424431,0.17034887
0.16750231,0.19528347,0.16750231,0.19860658
0.17078528,0,0.18791592,0.18914683
0.19760676,0.16750231,0.16750231,0.20110379
0.1868199,0.18861653,0.1948858,0.19219789
0.14664875,0.16750231,0.15366046,0.16750231
0.17182572,0.16750231,0.19007495,0.18738118
0.16750231,0.15066744,0.19243559,0.20126005
0.1941718,0.1845299,0.16750231,0
0.16750231,0,0.16753949,0.19091898
0.16750231,0.16750231,0.16750231,0.16750231
0.1705969,0.1968868,0.16750231,0.16318546
0.19012251,0.19450173,0.19162676,0.19327892
0.1858989,0.19898254,0,0.003125
0.16750231,0.1865568,0.16750231,0
0.16696064,0,0.18805796,0.15511334
0.19045217,0.1799925,0,0.19340418
0.18976405,0.18942957,0.18689346,0.16750231
0.18852705,0.19267939,0.19061874,0.20010994
0.16750231,0.18396859,0.1683551,0.19392513
0.19271216,0.16750231,0.16750231,0.20527928
0.19587071,0.18277982,0.19270824,0.16750231
0.16750231,0.16937982,0.16750231,0.16890514
0.16750231,0,0.18963577,0.16750231
0.16750231,0.16750231,0.16750231,0.18968084
0.16750231,0.18802121,0.18479338,0.16819175
0.19531481,0.16750231,0.16750231,0.16750231
0.1932471,0,0.18868503,0.16750231
0,0.19167465,0,0.19138771
0.16750231,0.16750231,0.16750231,0.19616312
0.19133565,0.16750231,0.19918981,0.17044319
0.16750231,0.16781007,0.1859329,0.16750231
0.19188932,0.19686767,0.16750231,0.18465906
0.16789249,0,0.18881054,0.19135648
0.16754249,0.19423847,0.19297293,0.12157512
0.19279392,0.19498216,0.2038848,0.16750231
0.16750231,0.19111942,0,0.16750231
0.19466636,0.18327689,0.19239159,0
0,0.1937156,0.17101723,0.19807565
0.16750231,0,0.19714929,0.17054465
0.12157512,0.16750231,0.19439827,0.19562238
0.16750231,0.19384836,0.16750231,0.15536293
0.15889561,0.1690073,0.17751345,0.19383235
0.17085522,0.19430462,0.19176273,0.1692533
0.15250231,0.013454035,0.19100471,0.16750231
0,0.18385172,0.19367939,0.16750231
0.16750231,0.14798069,0.1870187,0.19439456
0.16750231,0.19049287,0.1957428,0.19534783
0.17428294,0.19115204,0.16750231,0.1920922
0.18265212,0,0.16750231,0.16750231
0.16750231,0.19209091,0.14394791,0.1698092
0.19799803,0.16750231,0.19103406,0.1705608
0.19446646,0.16750231,0.19950493,0.16750231
0.19951063,0.19690177,0.16750231,0.209174
0.16750231,0.19185199,0.16750231,0.18581481
0.19601627,0.16750231,0.15184183,0.16750231
0.16750231,0.20550182,0.15524444,0
0.16750231,0.19479601,0.16750231,0.19449334
0.16750231,0.15803906,0.19538803,0.16750231
0.20328356,0.16978046,0.18988918,0.16750231
0.19736266,0.2089189,0.20210749,0.19825283
0.19267209,0,0,0.16750231
0.19113019,0.16750231,0.18719901,0.19999541
0.16750231,0.16750231,0.19699904,0.16750231
0.19198942,0.16750231,0.16750231,0.16750231
0.16750231,0.16750231,0.16750231,0.16750231
0.19708832,0,0.1915479,0.16750233
0.19248445,0.17141905,0.18601187,0.20172943
0.14641848,0.1868163,0.17968671,0.16750231
0.19520041,0.16750231,0,0.16990359
0.19311616,0,0.18963248,0.16794506
0.19541366,0.1968063,0.21134782,0.19706783
0.16750231,0.1966273,0.16750231,0.19448496
0.1665375,0.1929398,0.19210218,0.1282766
0.19445531,0.19790561,0.19025612,0.19766131
0.16750231,0.16750231,0.16750231,0
0,0.16750231,0.15570214,0.16750231
0.19284359,0.09484132,0.15467384,0.16750231
0.18769369,0.17720318,0.19067302,0.1917419
0.191804,0.17082453,0.19723442,0
0.19020367,0.18275507,0.027657738,0.16750231
0.17474239,0.19018127,0,0
0.16750231,0.16750231,0.19469002,0.16750231
0.18961109,0.19193581,0.1912298,0.19058564
0.15315762,0,0.20049885,0.18911535
0.16750231,0.16750231,0,0.16750231
0.19014479,0.192872,0.16750231,0.13453718
0.19813854,0.15406436,0.17065753,0.18980075
0,0.19610572,0.16847458,0.16152935
0.16750231,0.1703292,0.16750231,0.19431488
0.16750231,0.15962555,0.16750231,0.16750231
0.18975574,0.16750231,0.17048725,0.16750231
0.19057077,0,0.1810112,0.16750231
0.19283363,0.19438392,0.16750231,0.18821648
0.19363792,0.19062221,0.16750231,0.19487306
0.17048326,0,0.16750231,0.16750231
0.16750231,0,0.19954853,0.19172107
0.16750231,0.16750231,0.18415257,0.17019668
0.16750231,0.18986772,0.1892073,0.19283302
0.19393529,0.16750231,0,0.050120484
0.19256179,0.1907544,0.16750231,0.14343621
0.18781947,0.16750231,0.1951991,0
0.16750231,0.16750231,0.1942371,0
0.16750231,0.16750231,0.19552949,0.16750231
0.16750231,0.16750231,0.19516897,0.16750231
0,0.15566795,0.19119354,0.19896217
0.19336693,0.19413055,0.19874011,0.16750231
0.18590783,0.19489501,0.20250426,0.17064743
0,0,0.16750231,0.18104409
0.18431525,0,0.18952574,0.19248316
0.16468118,0.16095258,0,0.17299479
0.16750231,0.19803067,0.19073685,0.18929715
0.082328245,0.19155762,0.15107685,0.19381288
0.16079324,0.19758348,0.16750231,0.16750231
0.1859793,0.16750231,0.15473159,0.19829354
0,0.16750471,0.16750231,0.1054246
0.16750231,0.19501352,0.16750231,0.16750231
0.17578447,0.16750231,0.16750231,0.18708418
0.17047866,0.19606064,0.18939625,0.17098612
0.17066084,0.16085836,0.19054137,0.1867523
0.16750231,0.19156903,0.1625153,0.18647106
0.1959908,0.19533814,0.19027703,0.19242296
0.20143522,0.16750231,0.19625667,0.20163856
0.16750231,0.17102055,0.16750231,0.16750231
0.19438799,0.18523341,0.19899577,0.16750231
0,0.1979668,0.16750231,0.16750231
0.19063206,0.19487119,0.19399725,0.18488467
0.19830127,0.18722232,0.18530457,0.19605848
0.16750231,0.16750231,0.19309331,0.1555368
0.18986294,0,0,0.17695697
0,0.16750231,0.1994643,0.1905852
0.16750231,0.16750231,0.15900941,0.16807242
0.16750231,0.16750231,0,0.16750231
0.19479412,0.16750231,0.18888147,0.16750231
0.16750231,0.19614612,0.16750231,0.1706833
0.18987702,0.16750231,0.19682308,0.16750231
0.19136606,0.19210032,0.19001289,0.016354168
0.17536889,0,0.16750231,0
0.13914378,0.19484445,0.16750231,0.19015153
0.19238809,0.19734837,0.1943373,0.16750231
0.16750231,0.19088447,0.20156677,0.12882528
0.18782537,0.19752064,0.19476472,0.16750231
0.16750231,0.20568001,0.17003,0.19174844
0.16750231,0.1687257,0.16750859,0.14836505
0.19057995,0.18787426,0.19377315,0.19486676
0.19245477,0.1945546,0.19865642,0.19434062
0.16860647,0.16839115,0.16166899,0.19288604
0.19068377,0.16750231,0.14784084,0.20104688
0.12838416,0.16750231,0.16750231,0
0.18980412,0.16750231,0.18727723,0
0.19512355,0.1975697,0.19206503,0.16891266
0.14212327,0.16750231,0.18605368,0.1842917
0.16750231,0.14138812,0.19316927,0.19476621
0.19245616,0.19466175,0.19515926,0.19124578
0.20426762,0.19450228,0.1904902,0.16750231
0.194942,0.16750231,0.16134515,0.19218192
0.16750231,0.1933497,0.19438773,0.18932334
0.18457213,0.18686698,0.19238536,0.19996665
0.16750231,0.16750231,0.1593822,0.16750231
0.18644458,0.20321971,0.16750231,0.18641639
0.19221522,0.196207,0.16750231,0.19302706
0.19099076,0.16750231,0,0.16750231
0.16750231,0,0.16750231,0.19236484
0.18674432,0.19422394,0.20486729,0
0.16750231,0.19191916,0.17068745,0
0.19339184,0.18990363,0.19822004,0.16750231
0.16750231,0.16750231,0.18683675,0.16750231
0.16775005,0.18592428,0.16750231,0.18547076
0.16750231,0.18800639,0.19001558,0.1976322
0.16750231,0.16750231,0.19441201,0.16750231
0.1948669,0.18988386,0,0.20280735
0.16750231,0,0.14017339,0.111331485
0,0.19617726,0.16750231,0.16750231
0.16750231,0.19568205,0.16750231,0.16750231
0.19210733,0.19394292,0.16750231,0.16750231
0.17083366,0,0.18781243,0.16751415
0.16762957,0,0.1682586,0.15589091
0.16750231,0.18217136,0.19387731,0.19295117
0.17546393,0.19289309,0,0.19035092
0,0.17427632,0.19593583,0
0.18904409,0.16750231,0.1926149,0.16750231
0.17024662,0.16845024,0.19149189,0.16750231
0.1973046,0.19873878,0.18966892,0.16750231
0.19065483,0.16750231,0.19276111,0
0.19573133,0.19095871,0,0.18978612
0.16750231,0.16750231,0,0.16750231
0.15810142,0.19787174,0.18970023,0.20155784
0.19325356,0.19071728,0,0.16750231
0.16750231,0.18095863,0.16750231,0.20198435
0,0.18971077,0.18898562,0.16750231
0.1899639,0,0.16750231,0.16750231
0,0.13308474,0.16750231,0.20316355
0.19108564,0.19445106,0.19373024,0.19506252
0,0.16750231,0,0.16750231
0.19427177,0.16750231,0.1946169,0.16750231
0.16750231,0.16750231,0,0.19263832
0.16750231,0.19776076,0.16750231,0.16492637
0.16780342,0.16750231,0.17036694,0.16750231
0.08267828,0,0.18700975,0.17012376
0,0.16750231,0.16750231,0.195839
0.19750848,0.16750231,0.1973669,0.16750231
0,0.19156706,0.19019581,0.17168067
0.16750231,0.19020036,0.16750231,0.16750231
0.16750231,0.18968894,0.18725982,0.16750231
0,0.1956475,0.19688845,0.1905704
0.16750231,0.19665633,0.18306415,0.17129982
0.16750231,0.19138773,0.16750231,0.17117716
0.16750231,0.16750231,0.19048503,0.16750231
0.16750231,0.19250259,0.19138502,0.16996875
0.1676759,0.19073866,0.16750231,0.19236508
0.16750231,0.17103815,0.18327615,0.19236815
0.19142161,0.16750231,0,0.1494986
0,0.16750231,0.19219309,0.19752355
0.17819738,0.16750231,0.17672625,0.15814215
0.16750231,0.19529828,0.19332172,0.16750231
0.18879044,0.17545332,0.16750231,0.19823153
0.20311268,0.16750231,0.16911912,0.1923179
0.16750231,0,0.16750231,0.19443981
0.16750231,0,0.18965118,0.20599511
0.19160229,0,0,0.19393797
0.16750231,0.16750231,0.16750231,0
0.18525131,0.19429003,0.19358192,0.20720483
0.18992184,0.18430452,0.19172667,0.18298075
0.16750231,0.16750231,0.20720336,0.16750231
0.18306184,0,0.19255176,0
0.19315201,0.15108839,0.18781817,0.15660842
0.15168668,0.16750231,0.16750231,0.16750231
0.1913044,0.16833273,0.19395272,0.1912921
0.13937873,0,0.1873782,0.19218042
0.1980585,0.15982355,0.18595554,0.16750231
0.15602706,0,0.20416763,0.1695539
0.16750231,0.19001774,0.19089809,0.19799645
0.16750231,0.19716272,0.16750231,0
0.16750231,0.2039016,0.17113988,0
0.16750231,0.19601238,0.18689814,0.14229922
0.15749191,0.18969624,0.18781117,0.19390178
0.16750231,0,0.19682243,0.18583879
0.16780491,0.19725506,0,0.16750231
0.16864535,0.19576575,0.16750231,0.17058115
0.19175413,0.19390805,0.16750231,0.16750231
0.19521081,0.19947064,0.19002868,0.19985037
0.18605718,0.19580136,0.16853094,0.16555569
0.18808816,0.17080653,0.16750231,0
0.19248205,0.19509278,0.16750231,0.1564634
0.19749154,0.19077757,0.19328989,0.1629035
0.20044485,0.16750231,0.18954398,0
0.19104448,0.19338006,0.19243182,0.19500099
0.18967798,0.18873166,0.16750231,0.16750231
0,0.16750231,0.19012901,0.1707595
0.1938278,0.16750231,0.1618773,0.049042977
0.19429223,0.170795,0.16750231,0.19961332
0.1693012,0.16195148,0.16750231,0.19422978
0.19899265,0.16750231,0,0.11189914
0.13354056,0.16750231,0.19333859,0.19235006
0.18698923,0.19053674,0.16750231,0.1857952
0.17975102,0.16750231,0.16750231,0.19062196
0.19935387,0.14262772,0.19069967,0.16195734
0.16750231,0.19500859,0.18544862,0.19966061
0.205794,0.19629787,0.16650534,0.19258286
0.1908501,0.1870544,0.19206479,0.19003607
0.16750231,0.18774237,0.16130361,0.16750231
0.20027919,0.20021026,0.16750231,0.19711111
0.19331324,0.16750231,0.1941863,0.16867948
0.16750231,0,0.16825587,0.19795296
0.16750231,0.19339779,0.19879413,0.19587944
0.16750231,0.14700963,0.16750231,0.16750231
0.19397494,0.20468473,0.16750231,0.16750231
0.16992928,0.16750231,0.16750231,0.19543914
0,0.19689754,0.19868548,0.1595901
0.1961427,0.190672,0.19956596,0.16750231
0.19443981,0.16750231,0.19622721,0.16866316
0.18885902,0.18694326,0.119109996,0.16750231
0,0.19074717,0.19209136,0
0.19156422,0.16750231,0.16750231,0.1559928
0.1969817,0.16046481,0.16750231,0.16750231
0.16750231,0.19097106,0,0.19281481
0.19479443,0.13897675,0.16750231,0.16750231
0.16750231,0,0.17092882,0.16840704
0.19172566,0.16750231,0.16750231,0.1950088
0.19391075,0.19245458,0.16750231,0.19056419
0.19834682,0.037199616,0,0.19064452
0.19489785,0.20248516,0.16750231,0.18498723
0.19248351,0.18496373,0.16750231,0.19205251
0.15979648,0.19431145,0.18743426,0.19317956
0.19239037,0.19729398,0.16750231,0.19776988
0.12972476,0.19871116,0,0.1960131
0.16750231,0.12047526,0,0.16750231
0.19182827,0.19100334,0.19143364,0.16518275
0.16750231,0.20097257,0.15617558,0.16750231
0.19376133,0.14198779,0.17411567,0.16750231
0.16750231,0,0.16750231,0.19462182
0,0.20193788,0,0.16750231
0.16750231,0.16750231,0.20417824,0.1994051
0,0.19353622,0.18975344,0.19158421
0.16769099,0.19720735,0.16928981,0.16750231
0,0.19520907,0.1935023,0.19162865
0.19558844,0.19260648,0.18790321,0.18869212
0.16750231,0.19078285,0.189275,0
0.1715462,0.19531399,0.16750231,0.14895302
0.19432081,0.08997427,0.16750231,0.17128438
0,0.18188898,0.1655062,0.19788139
0.19334365,0.18791136,0.16750231,0.15427464
0.16750231,0.20538688,0.19515105,0.20129284
0.19112276,0.18585499,0.19801322,0.16750231
0.16750231,0.16750231,0.19282848,0.20089005
0.19437209,0.16750231,0.17051673,0.1888486
0.15998033,0.16750231,0.16750231,0.18880948
0.19024496,0.19058712,0,0.16750231
0.19529915,0.16929764,0.16750231,0.16750231
0.09806856,0.19524133,0,0.16750231
0.20026095,0.15542476,0.19258453,0.16750231
0.19959664,0.18740085,0.20168875,0
0.19532016,0.17011392,0.16750231,0.1906589
0.18268056,0.16834015,0.16750231,0.18550481
0.16750231,0.16750231,0.16750231,0
0.17088637,0.19565856,0,0
0.16750231,0.19031708,0.19573851,0
0.19307925,0.18765356,0.19114892,0
0.18875588,0.20102316,0.18812202,0.19255786
0.16750231,0.16750231,0.16750231,0.19232126
0.19735672,0.16750231,0,0.16750231
0.18893245,0.16750231,0.16750231,0.19735901
0.16750231,0.18914936,0.20747426,0.16750231
0.19308959,0.19806865,0.16750231,0.19061296
0,0.19300887,0.16750231,0
0.15655757,0.19548178,0.16750231,0.15359929
0.18876888,0.16750231,0.1686853,0.18400636
0.19864398,0.19424465,0.19562732,0.16750231
0.19301099,0.16750231,0.16856408,0.16750231
0.19504221,0,0.2058599,0
0.15542522,0.19591573,0.19027652,0.20039183
0.19245715,0.19258752,0.16750231,0.16750231
0.16549891,0.19336708,0.19329384,0.16750231
0.18740337,0.16750231,0.15609841,0.19251673
0.16750231,0.16750231,0.19716614,0.16750231
